Name;Source Name;M;M1;N;X0;eps;h;n;r0;repetition;rho;sigma;tipo;average;max;min;timeSGD
N:200-n:3-r0:1-rho:0.7-M:1;KSS_review.py;1;1000000;200;0,5;0,01;0,01;3;1;100;0,7;0,5;lagrange;;;;
N:200-n:3-r0:1-rho:0.6-M:10000;KSS_review.py;10000;1000000;200;0,5;0,01;0,01;3;1;100;0,6;0,5;lagrange;2,63;6;2;0,968653821
N:200-n:3-r0:1-rho:0.6-M:1000;KSS_review.py;1000;1000000;200;0,5;0,01;0,01;3;1;100;0,6;0,5;lagrange;6,11;33;2;0,194927599
N:200-n:3-r0:1-rho:0.6-M:100;KSS_review.py;100;1000000;200;0,5;0,01;0,01;3;1;100;0,6;0,5;lagrange;22,93;129;2;0,155334089
N:200-n:3-r0:1-rho:0.6-M:10;KSS_review.py;10;1000000;200;0,5;0,01;0,01;3;1;100;0,6;0,5;lagrange;126,97;989;10;0,570719018
N:200-n:3-r0:1-rho:0.6-M:1;KSS_review.py;1;1000000;200;0,5;0,01;0,01;3;1;100;0,6;0,5;lagrange;1069,28;3735;149;379.629.557.430.002
N:100-n:8-r0:10-rho:0.9-M:10000;KSS_review.py;10000;1000000;100;0,5;0,01;0,01;8;10;100;0,9;0,5;lagrange;4;4;4;13.111.730.836.700.000
N:100-n:8-r0:10-rho:0.9-M:1000;KSS_review.py;1000;1000000;100;0,5;0,01;0,01;8;10;100;0,9;0,5;lagrange;5,11;16;3;0,122400231
N:100-n:8-r0:10-rho:0.9-M:100;KSS_review.py;100;1000000;100;0,5;0,01;0,01;8;10;100;0,9;0,5;lagrange;22,35;213;5;0,085848273
N:100-n:8-r0:10-rho:0.9-M:10;KSS_review.py;10;1000000;100;0,5;0,01;0,01;8;10;100;0,9;0,5;lagrange;132,53;397;16;0,30935245
N:100-n:8-r0:10-rho:0.9-M:1;KSS_review.py;1;1000000;100;0,5;0,01;0,01;8;10;100;0,9;0,5;lagrange;973,04;3661;145;178.546.030.529.993
N:100-n:8-r0:10-rho:0.8-M:10000;KSS_review.py;10000;1000000;100;0,5;0,01;0,01;8;10;100;0,8;0,5;lagrange;4,02;6;4;13.087.474.974.199.700
N:100-n:8-r0:10-rho:0.8-M:1000;KSS_review.py;1000;1000000;100;0,5;0,01;0,01;8;10;100;0,8;0,5;lagrange;5,2;9;4;0,124118589
N:100-n:8-r0:10-rho:0.8-M:100;KSS_review.py;100;1000000;100;0,5;0,01;0,01;8;10;100;0,8;0,5;lagrange;17,94;53;5;0,067957346
N:100-n:8-r0:10-rho:0.8-M:10;KSS_review.py;10;1000000;100;0,5;0,01;0,01;8;10;100;0,8;0,5;lagrange;139,21;523;23;0,323090398
N:100-n:8-r0:10-rho:0.8-M:1;KSS_review.py;1;1000000;100;0,5;0,01;0,01;8;10;100;0,8;0,5;lagrange;1100,15;3009;136;19.944.522.185.499.900
N:100-n:8-r0:10-rho:0.7-M:10000;KSS_review.py;10000;1000000;100;0,5;0,01;0,01;8;10;100;0,7;0,5;lagrange;4,57;5;4;14.926.216.976.200.500
N:100-n:8-r0:10-rho:0.7-M:1000;KSS_review.py;1000;1000000;100;0,5;0,01;0,01;8;10;100;0,7;0,5;lagrange;6,11;17;4;0,144319526
N:100-n:8-r0:10-rho:0.7-M:100;KSS_review.py;100;1000000;100;0,5;0,01;0,01;8;10;100;0,7;0,5;lagrange;22,51;48;6;0,086759704
N:100-n:8-r0:10-rho:0.7-M:10;KSS_review.py;10;1000000;100;0,5;0,01;0,01;8;10;100;0,7;0,5;lagrange;157,57;404;40;0,372977715
N:100-n:8-r0:10-rho:0.7-M:1;KSS_review.py;1;1000000;100;0,5;0,01;0,01;8;10;100;0,7;0,5;lagrange;1602,05;4339;348;2.905.045.171.100.060
N:100-n:8-r0:10-rho:0.6-M:10000;KSS_review.py;10000;1000000;100;0,5;0,01;0,01;8;10;100;0,6;0,5;lagrange;5,17;6;5;1.699.225.197.170.010
N:100-n:8-r0:10-rho:0.6-M:1000;KSS_review.py;1000;1000000;100;0,5;0,01;0,01;8;10;100;0,6;0,5;lagrange;7,08;15;5;0,165455107
N:100-n:8-r0:10-rho:0.6-M:100;KSS_review.py;100;1000000;100;0,5;0,01;0,01;8;10;100;0,6;0,5;lagrange;26,02;62;6;0,099740539
N:100-n:8-r0:10-rho:0.6-M:10;KSS_review.py;10;1000000;100;0,5;0,01;0,01;8;10;100;0,6;0,5;lagrange;213,95;710;36;0,498343072
N:100-n:8-r0:10-rho:0.6-M:1;KSS_review.py;1;1000000;100;0,5;0,01;0,01;8;10;100;0,6;0,5;lagrange;2890,04;4999;622;5.229.122.097.509.970
N:100-n:8-r0:5-rho:0.9-M:10000;KSS_review.py;10000;1000000;100;0,5;0,01;0,01;8;5;100;0,9;0,5;lagrange;2,04;3;2;0,672996563
N:100-n:8-r0:5-rho:0.9-M:1000;KSS_review.py;1000;1000000;100;0,5;0,01;0,01;8;5;100;0,9;0,5;lagrange;3,83;18;2;0,09367877
N:100-n:8-r0:5-rho:0.9-M:100;KSS_review.py;100;1000000;100;0,5;0,01;0,01;8;5;100;0,9;0,5;lagrange;21,42;93;4;0,081599563
N:100-n:8-r0:5-rho:0.9-M:10;KSS_review.py;10;1000000;100;0,5;0,01;0,01;8;5;100;0,9;0,5;lagrange;195,62;1755;14;0,456285505
N:100-n:8-r0:5-rho:0.9-M:1;KSS_review.py;1;1000000;100;0,5;0,01;0,01;8;5;100;0,9;0,5;lagrange;1610,07;4999;139;29.185.684.277.799.700
N:100-n:8-r0:5-rho:0.8-M:10000;KSS_review.py;10000;1000000;100;0,5;0,01;0,01;8;5;100;0,8;0,5;lagrange;2,07;4;2;0,683446029
N:100-n:8-r0:5-rho:0.8-M:1000;KSS_review.py;1000;1000000;100;0,5;0,01;0,01;8;5;100;0,8;0,5;lagrange;3,54;19;2;0,087581534
N:100-n:8-r0:5-rho:0.8-M:100;KSS_review.py;100;1000000;100;0,5;0,01;0,01;8;5;100;0,8;0,5;lagrange;16,61;64;2;0,06379568
N:100-n:8-r0:5-rho:0.8-M:10;KSS_review.py;10;1000000;100;0,5;0,01;0,01;8;5;100;0,8;0,5;lagrange;126,65;544;29;0,295933634
N:100-n:8-r0:5-rho:0.8-M:1;KSS_review.py;1;1000000;100;0,5;0,01;0,01;8;5;100;0,8;0,5;lagrange;1008,07;3886;120;18.274.377.740.400.000
N:100-n:8-r0:5-rho:0.7-M:10000;KSS_review.py;10000;1000000;100;0,5;0,01;0,01;8;5;100;0,7;0,5;lagrange;2,02;3;2;0,67004506
N:100-n:8-r0:5-rho:0.7-M:1000;KSS_review.py;1000;1000000;100;0,5;0,01;0,01;8;5;100;0,7;0,5;lagrange;3,86;14;2;0,09461213
N:100-n:8-r0:5-rho:0.7-M:100;KSS_review.py;100;1000000;100;0,5;0,01;0,01;8;5;100;0,7;0,5;lagrange;14,84;51;3;0,057036386
N:100-n:8-r0:5-rho:0.7-M:10;KSS_review.py;10;1000000;100;0,5;0,01;0,01;8;5;100;0,7;0,5;lagrange;122,03;399;31;0,284378966
N:100-n:8-r0:5-rho:0.7-M:1;KSS_review.py;1;1000000;100;0,5;0,01;0,01;8;5;100;0,7;0,5;lagrange;1077,27;3706;196;19.711.645.477.400.400
N:100-n:8-r0:5-rho:0.6-M:10000;KSS_review.py;10000;1000000;100;0,5;0,01;0,01;8;5;100;0,6;0,5;lagrange;2,02;3;2;0,661998581
N:100-n:8-r0:5-rho:0.6-M:1000;KSS_review.py;1000;1000000;100;0,5;0,01;0,01;8;5;100;0,6;0,5;lagrange;3,85;9;2;0,093909514
N:100-n:8-r0:5-rho:0.6-M:100;KSS_review.py;100;1000000;100;0,5;0,01;0,01;8;5;100;0,6;0,5;lagrange;17,41;61;3;0,066802986
N:100-n:8-r0:5-rho:0.6-M:10;KSS_review.py;10;1000000;100;0,5;0,01;0,01;8;5;100;0,6;0,5;lagrange;123,86;336;23;0,287437361
N:100-n:8-r0:5-rho:0.6-M:1;KSS_review.py;1;1000000;100;0,5;0,01;0,01;8;5;100;0,6;0,5;lagrange;1699,85;4999;295;3.081.296.319.159.880
N:100-n:8-r0:1-rho:0.9-M:10000;KSS_review.py;10000;1000000;100;0,5;0,01;0,01;8;1;100;0,9;0,5;lagrange;121,77;138;110;3.973.673.889.044.000
N:100-n:8-r0:1-rho:0.9-M:1000;KSS_review.py;1000;1000000;100;0,5;0,01;0,01;8;1;100;0,9;0,5;lagrange;141,23;299;102;30.862.194.764.000.000
N:100-n:8-r0:1-rho:0.9-M:100;KSS_review.py;100;1000000;100;0,5;0,01;0,01;8;1;100;0,9;0,5;lagrange;368,74;3533;95;13.989.155.693.299.800
N:100-n:8-r0:1-rho:0.9-M:10;KSS_review.py;10;1000000;100;0,5;0,01;0,01;8;1;100;0,9;0,5;lagrange;1709,11;4999;81;40.385.960.813.000.500
N:100-n:8-r0:1-rho:0.9-M:1;KSS_review.py;1;1000000;100;0,5;0,01;0,01;8;1;100;0,9;0,5;lagrange;4191,51;4999;235;7.612.160.050.860.110
N:100-n:8-r0:1-rho:0.8-M:10000;KSS_review.py;10000;1000000;100;0,5;0,01;0,01;8;1;100;0,8;0,5;lagrange;55,18;66;49;17.566.300.244.719.800
N:100-n:8-r0:1-rho:0.8-M:1000;KSS_review.py;1000;1000000;100;0,5;0,01;0,01;8;1;100;0,8;0,5;lagrange;62,47;90;51;13.710.054.468.600.700
N:100-n:8-r0:1-rho:0.8-M:100;KSS_review.py;100;1000000;100;0,5;0,01;0,01;8;1;100;0,8;0,5;lagrange;116,59;559;48;0,446021679
N:100-n:8-r0:1-rho:0.8-M:10;KSS_review.py;10;1000000;100;0,5;0,01;0,01;8;1;100;0,8;0,5;lagrange;604,2;4141;51;14.090.375.092.200.700
N:100-n:8-r0:1-rho:0.8-M:1;KSS_review.py;1;1000000;100;0,5;0,01;0,01;8;1;100;0,8;0,5;lagrange;2696,11;4999;117;4.890.634.364.800.060
N:100-n:8-r0:1-rho:0.7-M:10000;KSS_review.py;10000;1000000;100;0,5;0,01;0,01;8;1;100;0,7;0,5;lagrange;32,53;37;30;10.547.971.743.800.000
N:100-n:8-r0:1-rho:0.7-M:1000;KSS_review.py;1000;1000000;100;0,5;0,01;0,01;8;1;100;0,7;0,5;lagrange;35,65;66;28;0,786012217
N:100-n:8-r0:1-rho:0.7-M:100;KSS_review.py;100;1000000;100;0,5;0,01;0,01;8;1;100;0,7;0,5;lagrange;60,29;267;29;0,229965545
N:100-n:8-r0:1-rho:0.7-M:10;KSS_review.py;10;1000000;100;0,5;0,01;0,01;8;1;100;0,7;0,5;lagrange;157,1;674;25;0,366190642
N:100-n:8-r0:1-rho:0.7-M:1;KSS_review.py;1;1000000;100;0,5;0,01;0,01;8;1;100;0,7;0,5;lagrange;1416,72;4999;130;25.668.974.829.099.800
N:100-n:8-r0:1-rho:0.6-M:10000;KSS_review.py;10000;1000000;100;0,5;0,01;0,01;8;1;100;0,6;0,5;lagrange;21,84;24;21;714.795.006.357.992
N:100-n:8-r0:1-rho:0.6-M:1000;KSS_review.py;1000;1000000;100;0,5;0,01;0,01;8;1;100;0,6;0,5;lagrange;24,74;42;20;0,548992536
N:100-n:8-r0:1-rho:0.6-M:100;KSS_review.py;100;1000000;100;0,5;0,01;0,01;8;1;100;0,6;0,5;lagrange;40,67;136;19;0,155157492
N:100-n:8-r0:1-rho:0.6-M:10;KSS_review.py;10;1000000;100;0,5;0,01;0,01;8;1;100;0,6;0,5;lagrange;129,28;592;24;0,302140943
N:100-n:8-r0:1-rho:0.6-M:1;KSS_review.py;1;1000000;100;0,5;0,01;0,01;8;1;100;0,6;0,5;lagrange;901,41;4520;57;16.312.399.115.100.500
N:100-n:7-r0:10-rho:0.9-M:10000;KSS_review.py;10000;1000000;100;0,5;0,01;0,01;7;10;100;0,9;0,5;lagrange;4;4;4;11.836.579.534.699.500
N:100-n:7-r0:10-rho:0.9-M:1000;KSS_review.py;1000;1000000;100;0,5;0,01;0,01;7;10;100;0,9;0,5;lagrange;5,63;27;4;0,12441492
N:100-n:7-r0:10-rho:0.9-M:100;KSS_review.py;100;1000000;100;0,5;0,01;0,01;7;10;100;0,9;0,5;lagrange;20,2;156;5;0,075538635
N:100-n:7-r0:10-rho:0.9-M:10;KSS_review.py;10;1000000;100;0,5;0,01;0,01;7;10;100;0,9;0,5;lagrange;127,88;654;31;0,296626544
N:100-n:7-r0:10-rho:0.9-M:1;KSS_review.py;1;1000000;100;0,5;0,01;0,01;7;10;100;0,9;0,5;lagrange;916,35;4999;176;16.551.738.761.700.100
N:100-n:7-r0:10-rho:0.8-M:10000;KSS_review.py;10000;1000000;100;0,5;0,01;0,01;7;10;100;0,8;0,5;lagrange;4,97;5;4;14.662.905.609.300.600
N:100-n:7-r0:10-rho:0.8-M:1000;KSS_review.py;1000;1000000;100;0,5;0,01;0,01;7;10;100;0,8;0,5;lagrange;5,88;11;4;0,128847792
N:100-n:7-r0:10-rho:0.8-M:100;KSS_review.py;100;1000000;100;0,5;0,01;0,01;7;10;100;0,8;0,5;lagrange;20,69;59;5;0,076324395
N:100-n:7-r0:10-rho:0.8-M:10;KSS_review.py;10;1000000;100;0,5;0,01;0,01;7;10;100;0,8;0,5;lagrange;122,57;333;21;0,285180519
N:100-n:7-r0:10-rho:0.8-M:1;KSS_review.py;1;1000000;100;0,5;0,01;0,01;7;10;100;0,8;0,5;lagrange;954,56;3108;262;17.233.060.911.699.400
N:100-n:7-r0:10-rho:0.7-M:10000;KSS_review.py;10000;1000000;100;0,5;0,01;0,01;7;10;100;0,7;0,5;lagrange;5,17;6;5;15.227.147.127.399.800
N:100-n:7-r0:10-rho:0.7-M:1000;KSS_review.py;1000;1000000;100;0,5;0,01;0,01;7;10;100;0,7;0,5;lagrange;6,65;17;5;0,144817689
N:100-n:7-r0:10-rho:0.7-M:100;KSS_review.py;100;1000000;100;0,5;0,01;0,01;7;10;100;0,7;0,5;lagrange;24,08;72;6;0,089933779
N:100-n:7-r0:10-rho:0.7-M:10;KSS_review.py;10;1000000;100;0,5;0,01;0,01;7;10;100;0,7;0,5;lagrange;162;355;33;0,377207022
N:100-n:7-r0:10-rho:0.7-M:1;KSS_review.py;1;1000000;100;0,5;0,01;0,01;7;10;100;0,7;0,5;lagrange;1609,51;4259;544;29.092.572.634.200.000
N:100-n:7-r0:10-rho:0.6-M:10000;KSS_review.py;10000;1000000;100;0,5;0,01;0,01;7;10;100;0,6;0,5;lagrange;6,22;7;6;18.414.743.984.000.200
N:100-n:7-r0:10-rho:0.6-M:1000;KSS_review.py;1000;1000000;100;0,5;0,01;0,01;7;10;100;0,6;0,5;lagrange;8,06;15;6;0,173161078
N:100-n:7-r0:10-rho:0.6-M:100;KSS_review.py;100;1000000;100;0,5;0,01;0,01;7;10;100;0,6;0,5;lagrange;27,63;86;7;0,101619907
N:100-n:7-r0:10-rho:0.6-M:10;KSS_review.py;10;1000000;100;0,5;0,01;0,01;7;10;100;0,6;0,5;lagrange;225,38;728;41;0,523590513
N:100-n:7-r0:10-rho:0.6-M:1;KSS_review.py;1;1000000;100;0,5;0,01;0,01;7;10;100;0,6;0,5;lagrange;2788,94;4999;309;50.368.808.041.101.100
N:100-n:7-r0:5-rho:0.9-M:10000;KSS_review.py;10000;1000000;100;0,5;0,01;0,01;7;5;100;0,9;0,5;lagrange;2,02;3;2;0,601899505
N:100-n:7-r0:5-rho:0.9-M:1000;KSS_review.py;1000;1000000;100;0,5;0,01;0,01;7;5;100;0,9;0,5;lagrange;4,59;34;2;0,098111458
N:100-n:7-r0:5-rho:0.9-M:100;KSS_review.py;100;1000000;100;0,5;0,01;0,01;7;5;100;0,9;0,5;lagrange;20,43;120;2;0,075848536
N:100-n:7-r0:5-rho:0.9-M:10;KSS_review.py;10;1000000;100;0,5;0,01;0,01;7;5;100;0,9;0,5;lagrange;151,68;1563;17;0,353371057
N:100-n:7-r0:5-rho:0.9-M:1;KSS_review.py;1;1000000;100;0,5;0,01;0,01;7;5;100;0,9;0,5;lagrange;1322,61;4999;126;2.387.041.822.589.960
N:100-n:7-r0:5-rho:0.8-M:10000;KSS_review.py;10000;1000000;100;0,5;0,01;0,01;7;5;100;0,8;0,5;lagrange;2,04;3;2;0,603802396
N:100-n:7-r0:5-rho:0.8-M:1000;KSS_review.py;1000;1000000;100;0,5;0,01;0,01;7;5;100;0,8;0,5;lagrange;3,79;18;2;0,081393369
N:100-n:7-r0:5-rho:0.8-M:100;KSS_review.py;100;1000000;100;0,5;0,01;0,01;7;5;100;0,8;0,5;lagrange;17,66;89;3;0,065627922
N:100-n:7-r0:5-rho:0.8-M:10;KSS_review.py;10;1000000;100;0,5;0,01;0,01;7;5;100;0,8;0,5;lagrange;138,61;1190;14;0,322529337
N:100-n:7-r0:5-rho:0.8-M:1;KSS_review.py;1;1000000;100;0,5;0,01;0,01;7;5;100;0,8;0,5;lagrange;775,19;2117;123;14.010.098.566.700.600
N:100-n:7-r0:5-rho:0.7-M:10000;KSS_review.py;10000;1000000;100;0,5;0,01;0,01;7;5;100;0,7;0,5;lagrange;2,03;3;2;0,603329922
N:100-n:7-r0:5-rho:0.7-M:1000;KSS_review.py;1000;1000000;100;0,5;0,01;0,01;7;5;100;0,7;0,5;lagrange;3,89;16;2;0,084006404
N:100-n:7-r0:5-rho:0.7-M:100;KSS_review.py;100;1000000;100;0,5;0,01;0,01;7;5;100;0,7;0,5;lagrange;16,42;80;4;0,060852587
N:100-n:7-r0:5-rho:0.7-M:10;KSS_review.py;10;1000000;100;0,5;0,01;0,01;7;5;100;0,7;0,5;lagrange;114,56;381;27;0,266590067
M=1, 10, 100;KSS_review.py;;1000000;;0,5;0,01;0,01;;;100;;0,5;lagrange;;;;
N:100-n:7-r0:5-rho:0.7-M:1;KSS_review.py;1;1000000;100;0,5;0,01;0,01;7;5;100;0,7;0,5;lagrange;960,1;3058;196;17.386.474.889.399.600
N:100-n:7-r0:5-rho:0.6-M:10000;KSS_review.py;10000;1000000;100;0,5;0,01;0,01;7;5;100;0,6;0,5;lagrange;2,18;4;2;0,636907894
N:100-n:7-r0:5-rho:0.6-M:1000;KSS_review.py;1000;1000000;100;0,5;0,01;0,01;7;5;100;0,6;0,5;lagrange;3,89;8;2;0,084548644
N:100-n:7-r0:5-rho:0.6-M:100;KSS_review.py;100;1000000;100;0,5;0,01;0,01;7;5;100;0,6;0,5;lagrange;17,94;59;3;0,066681708
N:100-n:7-r0:5-rho:0.6-M:10;KSS_review.py;10;1000000;100;0,5;0,01;0,01;7;5;100;0,6;0,5;lagrange;132,31;335;27;0,307484457
N:100-n:7-r0:5-rho:0.6-M:1;KSS_review.py;1;1000000;100;0,5;0,01;0,01;7;5;100;0,6;0,5;lagrange;1561,86;4113;394;28.273.246.695.700.000
N:100-n:7-r0:1-rho:0.9-M:10000;KSS_review.py;10000;1000000;100;0,5;0,01;0,01;7;1;100;0,9;0,5;lagrange;74,36;83;66;21.735.345.533.360.000
N:100-n:7-r0:1-rho:0.9-M:1000;KSS_review.py;1000;1000000;100;0,5;0,01;0,01;7;1;100;0,9;0,5;lagrange;86,14;234;62;17.601.662.463.799.500
N:100-n:7-r0:1-rho:0.9-M:100;KSS_review.py;100;1000000;100;0,5;0,01;0,01;7;1;100;0,9;0,5;lagrange;247,94;2321;49;0,91979339
N:100-n:7-r0:1-rho:0.9-M:10;KSS_review.py;10;1000000;100;0,5;0,01;0,01;7;1;100;0,9;0,5;lagrange;1411,5;4999;62;3.278.837.812.779.960
N:100-n:7-r0:1-rho:0.9-M:1;KSS_review.py;1;1000000;100;0,5;0,01;0,01;7;1;100;0,9;0,5;lagrange;4169,14;4999;252;7.541.634.008.760.010
N:100-n:7-r0:1-rho:0.8-M:10000;KSS_review.py;10000;1000000;100;0,5;0,01;0,01;7;1;100;0,8;0,5;lagrange;38,27;46;35;11.121.861.625.370.000
N:100-n:7-r0:1-rho:0.8-M:1000;KSS_review.py;1000;1000000;100;0,5;0,01;0,01;7;1;100;0,8;0,5;lagrange;44,22;81;35;0,904009487
N:100-n:7-r0:1-rho:0.8-M:100;KSS_review.py;100;1000000;100;0,5;0,01;0,01;7;1;100;0,8;0,5;lagrange;76,15;336;30;0,283385757
N:100-n:7-r0:1-rho:0.8-M:10;KSS_review.py;10;1000000;100;0,5;0,01;0,01;7;1;100;0,8;0,5;lagrange;483,88;3114;35;11.244.537.743.000.500
N:100-n:7-r0:1-rho:0.8-M:1;KSS_review.py;1;1000000;100;0,5;0,01;0,01;7;1;100;0,8;0,5;lagrange;2692,82;4999;100;4.868.008.288.400.010
N:100-n:7-r0:1-rho:0.7-M:10000;KSS_review.py;10000;1000000;100;0,5;0,01;0,01;7;1;100;0,7;0,5;lagrange;24,27;28;23;703.621.456.480.003
N:100-n:7-r0:1-rho:0.7-M:1000;KSS_review.py;1000;1000000;100;0,5;0,01;0,01;7;1;100;0,7;0,5;lagrange;27,36;47;20;0,564572479
N:100-n:7-r0:1-rho:0.7-M:100;KSS_review.py;100;1000000;100;0,5;0,01;0,01;7;1;100;0,7;0,5;lagrange;48,08;244;19;0,178210341
N:100-n:7-r0:1-rho:0.7-M:10;KSS_review.py;10;1000000;100;0,5;0,01;0,01;7;1;100;0,7;0,5;lagrange;234,77;1342;17;0,545302408
N:100-n:7-r0:1-rho:0.7-M:1;KSS_review.py;1;1000000;100;0,5;0,01;0,01;7;1;100;0,7;0,5;lagrange;1367,89;4999;63;24.751.958.302.799.900
N:100-n:7-r0:1-rho:0.6-M:10000;KSS_review.py;10000;1000000;100;0,5;0,01;0,01;7;1;100;0,6;0,5;lagrange;17,22;19;16;503.951.878.453.001
N:100-n:7-r0:1-rho:0.6-M:1000;KSS_review.py;1000;1000000;100;0,5;0,01;0,01;7;1;100;0,6;0,5;lagrange;20,03;35;16;0,419093567
N:100-n:7-r0:1-rho:0.6-M:100;KSS_review.py;100;1000000;100;0,5;0,01;0,01;7;1;100;0,6;0,5;lagrange;32,42;193;13;0,120644147
N:100-n:7-r0:1-rho:0.6-M:10;KSS_review.py;10;1000000;100;0,5;0,01;0,01;7;1;100;0,6;0,5;lagrange;114,68;448;14;0,266260723
N:100-n:7-r0:1-rho:0.6-M:1;KSS_review.py;1;1000000;100;0,5;0,01;0,01;7;1;100;0,6;0,5;lagrange;785,11;2420;63;14.207.146.294.200.300
N:100-n:6-r0:10-rho:0.9-M:10000;KSS_review.py;10000;1000000;100;0,5;0,01;0,01;6;10;100;0,9;0,5;lagrange;5;5;5;13.130.756.400.399.600
N:100-n:6-r0:10-rho:0.9-M:1000;KSS_review.py;1000;1000000;100;0,5;0,01;0,01;6;10;100;0,9;0,5;lagrange;6,43;18;5;0,120386266
N:100-n:6-r0:10-rho:0.9-M:100;KSS_review.py;100;1000000;100;0,5;0,01;0,01;6;10;100;0,9;0,5;lagrange;17,92;49;5;0,065131116
N:100-n:6-r0:10-rho:0.9-M:10;KSS_review.py;10;1000000;100;0,5;0,01;0,01;6;10;100;0,9;0,5;lagrange;128,27;514;19;0,296664228
N:100-n:6-r0:10-rho:0.9-M:1;KSS_review.py;1;1000000;100;0,5;0,01;0,01;6;10;100;0,9;0,5;lagrange;830,03;3190;108;15.014.762.817.400.300
N:100-n:6-r0:10-rho:0.8-M:10000;KSS_review.py;10000;1000000;100;0,5;0,01;0,01;6;10;100;0,8;0,5;lagrange;5,26;6;5;13.862.822.317.500.100
N:100-n:6-r0:10-rho:0.8-M:1000;KSS_review.py;1000;1000000;100;0,5;0,01;0,01;6;10;100;0,8;0,5;lagrange;6,52;10;5;0,122790765
N:100-n:6-r0:10-rho:0.8-M:100;KSS_review.py;100;1000000;100;0,5;0,01;0,01;6;10;100;0,8;0,5;lagrange;21,75;63;6;0,079416243
N:100-n:6-r0:10-rho:0.8-M:10;KSS_review.py;10;1000000;100;0,5;0,01;0,01;6;10;100;0,8;0,5;lagrange;120,5;370;23;0,278999525
N:100-n:6-r0:10-rho:0.8-M:1;KSS_review.py;1;1000000;100;0,5;0,01;0,01;6;10;100;0,8;0,5;lagrange;985,41;2429;174;17.811.538.999.099.800
N:100-n:6-r0:10-rho:0.7-M:10000;KSS_review.py;10000;1000000;100;0,5;0,01;0,01;6;10;100;0,7;0,5;lagrange;6,11;7;6;16.130.642.121.900.000
N:100-n:6-r0:10-rho:0.7-M:1000;KSS_review.py;1000;1000000;100;0,5;0,01;0,01;6;10;100;0,7;0,5;lagrange;7,94;19;6;0,148699137
N:100-n:6-r0:10-rho:0.7-M:100;KSS_review.py;100;1000000;100;0,5;0,01;0,01;6;10;100;0,7;0,5;lagrange;22,62;62;6;0,08268241
N:100-n:6-r0:10-rho:0.7-M:10;KSS_review.py;10;1000000;100;0,5;0,01;0,01;6;10;100;0,7;0,5;lagrange;152,11;475;30;0,352531502
N:100-n:6-r0:10-rho:0.7-M:1;KSS_review.py;1;1000000;100;0,5;0,01;0,01;6;10;100;0,7;0,5;lagrange;1338,64;4322;152;2.419.674.504.939.970
N:100-n:6-r0:10-rho:0.6-M:10000;KSS_review.py;10000;1000000;100;0,5;0,01;0,01;6;10;100;0,6;0,5;lagrange;8;8;8;20.963.465.213.900.000
N:100-n:6-r0:10-rho:0.6-M:1000;KSS_review.py;1000;1000000;100;0,5;0,01;0,01;6;10;100;0,6;0,5;lagrange;9,49;17;8;0,178242399
N:100-n:6-r0:10-rho:0.6-M:100;KSS_review.py;100;1000000;100;0,5;0,01;0,01;6;10;100;0,6;0,5;lagrange;30,24;77;9;0,1106744
N:100-n:6-r0:10-rho:0.6-M:10;KSS_review.py;10;1000000;100;0,5;0,01;0,01;6;10;100;0,6;0,5;lagrange;230,94;505;35;0,534819055
N:100-n:6-r0:10-rho:0.6-M:1;KSS_review.py;1;1000000;100;0,5;0,01;0,01;6;10;100;0,6;0,5;lagrange;2739,69;4999;374;4.958.503.024.169.980
N:100-n:6-r0:5-rho:0.9-M:10000;KSS_review.py;10000;1000000;100;0,5;0,01;0,01;6;5;100;0,9;0,5;lagrange;2,06;3;2;0,553107985
N:100-n:6-r0:5-rho:0.9-M:1000;KSS_review.py;1000;1000000;100;0,5;0,01;0,01;6;5;100;0,9;0,5;lagrange;3,83;12;2;0,072357328
N:100-n:6-r0:5-rho:0.9-M:100;KSS_review.py;100;1000000;100;0,5;0,01;0,01;6;5;100;0,9;0,5;lagrange;19,75;134;3;0,072025994
N:100-n:6-r0:5-rho:0.9-M:10;KSS_review.py;10;1000000;100;0,5;0,01;0,01;6;5;100;0,9;0,5;lagrange;151,44;1455;13;0,350246115
N:100-n:6-r0:5-rho:0.9-M:1;KSS_review.py;1;1000000;100;0,5;0,01;0,01;6;5;100;0,9;0,5;lagrange;988,66;4999;84;1.788.338.445.870.030
N:100-n:6-r0:5-rho:0.8-M:10000;KSS_review.py;10000;1000000;100;0,5;0,01;0,01;6;5;100;0,8;0,5;lagrange;2,28;3;2;0,604749466
N:100-n:6-r0:5-rho:0.8-M:1000;KSS_review.py;1000;1000000;100;0,5;0,01;0,01;6;5;100;0,8;0,5;lagrange;4,29;17;2;0,080821521
N:100-n:6-r0:5-rho:0.8-M:100;KSS_review.py;100;1000000;100;0,5;0,01;0,01;6;5;100;0,8;0,5;lagrange;17,14;100;3;0,062021219
N:100-n:6-r0:5-rho:0.8-M:10;KSS_review.py;10;1000000;100;0,5;0,01;0,01;6;5;100;0,8;0,5;lagrange;109,04;375;20;0,254946414
N:100-n:6-r0:5-rho:0.8-M:1;KSS_review.py;1;1000000;100;0,5;0,01;0,01;6;5;100;0,8;0,5;lagrange;819,74;3372;165;1.500.198.173.539.970
N:100-n:6-r0:5-rho:0.7-M:10000;KSS_review.py;10000;1000000;100;0,5;0,01;0,01;6;5;100;0,7;0,5;lagrange;2,99;3;2;0,796175125
N:100-n:6-r0:5-rho:0.7-M:1000;KSS_review.py;1000;1000000;100;0,5;0,01;0,01;6;5;100;0,7;0,5;lagrange;3,92;10;2;0,073683933
N:100-n:6-r0:5-rho:0.7-M:100;KSS_review.py;100;1000000;100;0,5;0,01;0,01;6;5;100;0,7;0,5;lagrange;18,6;64;3;0,066939929
N:100-n:6-r0:5-rho:0.7-M:10;KSS_review.py;10;1000000;100;0,5;0,01;0,01;6;5;100;0,7;0,5;lagrange;118,67;340;19;0,274530808
N:100-n:6-r0:5-rho:0.7-M:1;KSS_review.py;1;1000000;100;0,5;0,01;0,01;6;5;100;0,7;0,5;lagrange;1031,01;3455;207;18.645.444.464.899.600
N:100-n:6-r0:5-rho:0.6-M:10000;KSS_review.py;10000;1000000;100;0,5;0,01;0,01;6;5;100;0,6;0,5;lagrange;3;3;3;0,807500967
N:100-n:6-r0:5-rho:0.6-M:1000;KSS_review.py;1000;1000000;100;0,5;0,01;0,01;6;5;100;0,6;0,5;lagrange;4,31;10;3;0,085379039
N:100-n:6-r0:5-rho:0.6-M:100;KSS_review.py;100;1000000;100;0,5;0,01;0,01;6;5;100;0,6;0,5;lagrange;17,07;49;4;0,064413567
N:100-n:6-r0:5-rho:0.6-M:10;KSS_review.py;10;1000000;100;0,5;0,01;0,01;6;5;100;0,6;0,5;lagrange;133,69;426;28;0,315446883
N:100-n:6-r0:5-rho:0.6-M:1;KSS_review.py;1;1000000;100;0,5;0,01;0,01;6;5;100;0,6;0,5;lagrange;1413,13;4712;282;25.599.323.981.400.000
N:100-n:6-r0:1-rho:0.9-M:10000;KSS_review.py;10000;1000000;100;0,5;0,01;0,01;6;1;100;0,9;0,5;lagrange;44,16;50;40;11.598.894.004.940.000
N:100-n:6-r0:1-rho:0.9-M:1000;KSS_review.py;1000;1000000;100;0,5;0,01;0,01;6;1;100;0,9;0,5;lagrange;51,59;115;38;0,960624697
N:100-n:6-r0:1-rho:0.9-M:100;KSS_review.py;100;1000000;100;0,5;0,01;0,01;6;1;100;0,9;0,5;lagrange;124,51;1199;36;0,451482518
N:100-n:6-r0:1-rho:0.9-M:10;KSS_review.py;10;1000000;100;0,5;0,01;0,01;6;1;100;0,9;0,5;lagrange;1100,04;4999;64;25.367.348.112.799.600
N:100-n:6-r0:1-rho:0.9-M:1;KSS_review.py;1;1000000;100;0,5;0,01;0,01;6;1;100;0,9;0,5;lagrange;3657,38;4999;62;6.598.902.278.829.990
N:100-n:6-r0:1-rho:0.8-M:10000;KSS_review.py;10000;1000000;100;0,5;0,01;0,01;6;1;100;0,8;0,5;lagrange;25,75;32;24;673.335.897.667.006
N:100-n:6-r0:1-rho:0.8-M:1000;KSS_review.py;1000;1000000;100;0,5;0,01;0,01;6;1;100;0,8;0,5;lagrange;30,43;63;23;0,564935428
N:100-n:6-r0:1-rho:0.8-M:100;KSS_review.py;100;1000000;100;0,5;0,01;0,01;6;1;100;0,8;0,5;lagrange;60,16;364;19;0,218562146
N:100-n:6-r0:1-rho:0.8-M:10;KSS_review.py;10;1000000;100;0,5;0,01;0,01;6;1;100;0,8;0,5;lagrange;486,35;4114;26;11.257.420.046.599.800
N:100-n:6-r0:1-rho:0.8-M:1;KSS_review.py;1;1000000;100;0,5;0,01;0,01;6;1;100;0,8;0,5;lagrange;2407,63;4999;142;4.334.743.939.130.050
N:100-n:6-r0:1-rho:0.7-M:10000;KSS_review.py;10000;1000000;100;0,5;0,01;0,01;6;1;100;0,7;0,5;lagrange;17,71;22;16;4.663.940.665.670.010
N:100-n:6-r0:1-rho:0.7-M:1000;KSS_review.py;1000;1000000;100;0,5;0,01;0,01;6;1;100;0,7;0,5;lagrange;20,29;39;16;0,378023935
N:100-n:6-r0:1-rho:0.7-M:100;KSS_review.py;100;1000000;100;0,5;0,01;0,01;6;1;100;0,7;0,5;lagrange;38,24;144;14;0,138547167
N:100-n:6-r0:1-rho:0.7-M:10;KSS_review.py;10;1000000;100;0,5;0,01;0,01;6;1;100;0,7;0,5;lagrange;180,05;1206;15;0,415906306
N:100-n:6-r0:1-rho:0.7-M:1;KSS_review.py;1;1000000;100;0,5;0,01;0,01;6;1;100;0,7;0,5;lagrange;1148,99;4366;81;20.749.365.573.900.200
N:100-n:6-r0:1-rho:0.6-M:10000;KSS_review.py;10000;1000000;100;0,5;0,01;0,01;6;1;100;0,6;0,5;lagrange;13,23;15;12;3.474.921.421.449.980
N:100-n:6-r0:1-rho:0.6-M:1000;KSS_review.py;1000;1000000;100;0,5;0,01;0,01;6;1;100;0,6;0,5;lagrange;15,79;26;13;0,295649258
N:100-n:6-r0:1-rho:0.6-M:100;KSS_review.py;100;1000000;100;0,5;0,01;0,01;6;1;100;0,6;0,5;lagrange;28,81;138;11;0,104603767
N:100-n:6-r0:1-rho:0.6-M:10;KSS_review.py;10;1000000;100;0,5;0,01;0,01;6;1;100;0,6;0,5;lagrange;120,95;680;13;0,277862955
N:100-n:6-r0:1-rho:0.6-M:1;KSS_review.py;1;1000000;100;0,5;0,01;0,01;6;1;100;0,6;0,5;lagrange;750,34;3959;117;13.521.997.460.899.700
N:100-n:5-r0:10-rho:0.9-M:10000;KSS_review.py;10000;1000000;100;0,5;0,01;0,01;5;10;100;0,9;0,5;lagrange;5,74;7;5;13.278.329.891.199.900
N:100-n:5-r0:10-rho:0.9-M:1000;KSS_review.py;1000;1000000;100;0,5;0,01;0,01;5;10;100;0,9;0,5;lagrange;6,85;14;5;0,117778797
N:100-n:5-r0:10-rho:0.9-M:100;KSS_review.py;100;1000000;100;0,5;0,01;0,01;5;10;100;0,9;0,5;lagrange;19,13;67;7;0,067271517
N:100-n:5-r0:10-rho:0.9-M:10;KSS_review.py;10;1000000;100;0,5;0,01;0,01;5;10;100;0,9;0,5;lagrange;107,49;325;24;0,24825452
N:100-n:5-r0:10-rho:0.9-M:1;KSS_review.py;1;1000000;100;0,5;0,01;0,01;5;10;100;0,9;0,5;lagrange;854,18;2809;151;1.534.122.113.859.990
N:100-n:5-r0:10-rho:0.8-M:10000;KSS_review.py;10000;1000000;100;0,5;0,01;0,01;5;10;100;0,8;0,5;lagrange;6,18;7;6;14.332.492.264.200.100
N:100-n:5-r0:10-rho:0.8-M:1000;KSS_review.py;1000;1000000;100;0,5;0,01;0,01;5;10;100;0,8;0,5;lagrange;7,57;16;6;0,130231
N:100-n:5-r0:10-rho:0.8-M:100;KSS_review.py;100;1000000;100;0,5;0,01;0,01;5;10;100;0,8;0,5;lagrange;21,63;63;8;0,075742748
N:100-n:5-r0:10-rho:0.8-M:10;KSS_review.py;10;1000000;100;0,5;0,01;0,01;5;10;100;0,8;0,5;lagrange;116,56;343;23;0,267594161
N:100-n:5-r0:10-rho:0.8-M:1;KSS_review.py;1;1000000;100;0,5;0,01;0,01;5;10;100;0,8;0,5;lagrange;844,41;2599;161;15.192.766.839.900.200
N:100-n:5-r0:10-rho:0.7-M:10000;KSS_review.py;10000;1000000;100;0,5;0,01;0,01;5;10;100;0,7;0,5;lagrange;8,01;9;8;18.550.894.025.099.800
N:100-n:5-r0:10-rho:0.7-M:1000;KSS_review.py;1000;1000000;100;0,5;0,01;0,01;5;10;100;0,7;0,5;lagrange;9,58;25;8;0,165011166
N:100-n:5-r0:10-rho:0.7-M:100;KSS_review.py;100;1000000;100;0,5;0,01;0,01;5;10;100;0,7;0,5;lagrange;25,26;70;8;0,08935485
N:100-n:5-r0:10-rho:0.7-M:10;KSS_review.py;10;1000000;100;0,5;0,01;0,01;5;10;100;0,7;0,5;lagrange;165,18;473;38;0,37844481
N:100-n:5-r0:10-rho:0.7-M:1;KSS_review.py;1;1000000;100;0,5;0,01;0,01;5;10;100;0,7;0,5;lagrange;1257,71;3219;321;2.264.277.808.160.040
N:100-n:5-r0:10-rho:0.6-M:10000;KSS_review.py;10000;1000000;100;0,5;0,01;0,01;5;10;100;0,6;0,5;lagrange;10,01;11;10;23.163.183.977.599.600
N:100-n:5-r0:10-rho:0.6-M:1000;KSS_review.py;1000;1000000;100;0,5;0,01;0,01;5;10;100;0,6;0,5;lagrange;11,83;20;10;0,203325155
N:100-n:5-r0:10-rho:0.6-M:100;KSS_review.py;100;1000000;100;0,5;0,01;0,01;5;10;100;0,6;0,5;lagrange;35,06;81;10;0,124052735
N:100-n:5-r0:10-rho:0.6-M:10;KSS_review.py;10;1000000;100;0,5;0,01;0,01;5;10;100;0,6;0,5;lagrange;229,27;794;51;0,52699992
N:100-n:5-r0:10-rho:0.6-M:1;KSS_review.py;1;1000000;100;0,5;0,01;0,01;5;10;100;0,6;0,5;lagrange;2607,42;4999;544;4.694.033.599.859.970
N:100-n:5-r0:5-rho:0.9-M:10000;KSS_review.py;10000;1000000;100;0,5;0,01;0,01;5;5;100;0,9;0,5;lagrange;3,01;4;3;0,707606793
N:100-n:5-r0:5-rho:0.9-M:1000;KSS_review.py;1000;1000000;100;0,5;0,01;0,01;5;5;100;0,9;0,5;lagrange;4,56;24;3;0,078616946
N:100-n:5-r0:5-rho:0.9-M:100;KSS_review.py;100;1000000;100;0,5;0,01;0,01;5;5;100;0,9;0,5;lagrange;20,04;193;4;0,071147554
N:100-n:5-r0:5-rho:0.9-M:10;KSS_review.py;10;1000000;100;0,5;0,01;0,01;5;5;100;0,9;0,5;lagrange;122,2;562;13;0,281724899
N:100-n:5-r0:5-rho:0.9-M:1;KSS_review.py;1;1000000;100;0,5;0,01;0,01;5;5;100;0,9;0,5;lagrange;833,69;2610;76;1.497.202.139.939.980
N:100-n:5-r0:5-rho:0.8-M:10000;KSS_review.py;10000;1000000;100;0,5;0,01;0,01;5;5;100;0,8;0,5;lagrange;3,01;4;3;0,704158857
N:100-n:5-r0:5-rho:0.8-M:1000;KSS_review.py;1000;1000000;100;0,5;0,01;0,01;5;5;100;0,8;0,5;lagrange;4,34;18;3;0,074811155
N:100-n:5-r0:5-rho:0.8-M:100;KSS_review.py;100;1000000;100;0,5;0,01;0,01;5;5;100;0,8;0,5;lagrange;17,23;66;4;0,060953717
N:100-n:5-r0:5-rho:0.8-M:10;KSS_review.py;10;1000000;100;0,5;0,01;0,01;5;5;100;0,8;0,5;lagrange;97,49;411;17;0,224824044
N:100-n:5-r0:5-rho:0.8-M:1;KSS_review.py;1;1000000;100;0,5;0,01;0,01;5;5;100;0,8;0,5;lagrange;753,53;2558;136;13.558.565.865.499.900
N:100-n:5-r0:5-rho:0.7-M:10000;KSS_review.py;10000;1000000;100;0,5;0,01;0,01;5;5;100;0,7;0,5;lagrange;3,04;4;3;0,709683974
N:100-n:5-r0:5-rho:0.7-M:1000;KSS_review.py;1000;1000000;100;0,5;0,01;0,01;5;5;100;0,7;0,5;lagrange;4,39;11;3;0,075753682
N:100-n:5-r0:5-rho:0.7-M:100;KSS_review.py;100;1000000;100;0,5;0,01;0,01;5;5;100;0,7;0,5;lagrange;15,19;37;3;0,053965323
N:100-n:5-r0:5-rho:0.7-M:10;KSS_review.py;10;1000000;100;0,5;0,01;0,01;5;5;100;0,7;0,5;lagrange;100,68;286;14;0,231459914
N:100-n:5-r0:5-rho:0.7-M:1;KSS_review.py;1;1000000;100;0,5;0,01;0,01;5;5;100;0,7;0,5;lagrange;837,74;2250;126;15.059.445.394.600.300
N:100-n:5-r0:5-rho:0.6-M:10000;KSS_review.py;10000;1000000;100;0,5;0,01;0,01;5;5;100;0,6;0,5;lagrange;3,32;4;3;0,777103454
N:100-n:5-r0:5-rho:0.6-M:1000;KSS_review.py;1000;1000000;100;0,5;0,01;0,01;5;5;100;0,6;0,5;lagrange;4,66;9;3;0,080289756
N:100-n:5-r0:5-rho:0.6-M:100;KSS_review.py;100;1000000;100;0,5;0,01;0,01;5;5;100;0,6;0,5;lagrange;17,55;44;4;0,0623469
N:100-n:5-r0:5-rho:0.6-M:10;KSS_review.py;10;1000000;100;0,5;0,01;0,01;5;5;100;0,6;0,5;lagrange;128,21;323;32;0,293955337
N:100-n:5-r0:5-rho:0.6-M:1;KSS_review.py;1;1000000;100;0,5;0,01;0,01;5;5;100;0,6;0,5;lagrange;1325;3373;246;2.384.982.416.560.010
N:100-n:5-r0:1-rho:0.9-M:10000;KSS_review.py;10000;1000000;100;0,5;0,01;0,01;5;1;100;0,9;0,5;lagrange;25,17;32;23;5.823.608.775.920.000
N:100-n:5-r0:1-rho:0.9-M:1000;KSS_review.py;1000;1000000;100;0,5;0,01;0,01;5;1;100;0,9;0,5;lagrange;32,48;115;22;0,554477627
N:100-n:5-r0:1-rho:0.9-M:100;KSS_review.py;100;1000000;100;0,5;0,01;0,01;5;1;100;0,9;0,5;lagrange;90,58;683;23;0,318717171
N:100-n:5-r0:1-rho:0.9-M:10;KSS_review.py;10;1000000;100;0,5;0,01;0,01;5;1;100;0,9;0,5;lagrange;1117,99;4999;21;25.765.421.926.000.200
N:100-n:5-r0:1-rho:0.9-M:1;KSS_review.py;1;1000000;100;0,5;0,01;0,01;5;1;100;0,9;0,5;lagrange;3516,76;4999;91;6.334.149.018.540.040
N:100-n:5-r0:1-rho:0.8-M:10000;KSS_review.py;10000;1000000;100;0,5;0,01;0,01;5;1;100;0,8;0,5;lagrange;16,77;20;15;38.703.428.204.500.200
N:100-n:5-r0:1-rho:0.8-M:1000;KSS_review.py;1000;1000000;100;0,5;0,01;0,01;5;1;100;0,8;0,5;lagrange;19,56;37;14;0,334855399
N:100-n:5-r0:1-rho:0.8-M:100;KSS_review.py;100;1000000;100;0,5;0,01;0,01;5;1;100;0,8;0,5;lagrange;48,89;291;16;0,173152276
N:100-n:5-r0:1-rho:0.8-M:10;KSS_review.py;10;1000000;100;0,5;0,01;0,01;5;1;100;0,8;0,5;lagrange;335,27;1612;17;0,770439289
N:100-n:5-r0:1-rho:0.8-M:1;KSS_review.py;1;1000000;100;0,5;0,01;0,01;5;1;100;0,8;0,5;lagrange;1899,5;4999;73;3.417.088.254.609.980
N:100-n:5-r0:1-rho:0.7-M:10000;KSS_review.py;10000;1000000;100;0,5;0,01;0,01;5;1;100;0,7;0,5;lagrange;12,49;15;11;2.880.428.829.110.020
N:100-n:5-r0:1-rho:0.7-M:1000;KSS_review.py;1000;1000000;100;0,5;0,01;0,01;5;1;100;0,7;0,5;lagrange;14,53;27;11;0,249104319
N:100-n:5-r0:1-rho:0.7-M:100;KSS_review.py;100;1000000;100;0,5;0,01;0,01;5;1;100;0,7;0,5;lagrange;28,04;104;10;0,097955779
N:100-n:5-r0:1-rho:0.7-M:10;KSS_review.py;10;1000000;100;0,5;0,01;0,01;5;1;100;0,7;0,5;lagrange;159,04;1040;14;0,365092043
N:100-n:5-r0:1-rho:0.7-M:1;KSS_review.py;1;1000000;100;0,5;0,01;0,01;5;1;100;0,7;0,5;lagrange;1144,85;4999;62;206.105.473.470.001
N:100-n:5-r0:1-rho:0.6-M:10000;KSS_review.py;10000;1000000;100;0,5;0,01;0,01;5;1;100;0,6;0,5;lagrange;9,94;12;9;2.299.486.595.640.040
N:100-n:5-r0:1-rho:0.6-M:1000;KSS_review.py;1000;1000000;100;0,5;0,01;0,01;5;1;100;0,6;0,5;lagrange;11,69;32;9;0,200827645
N:100-n:5-r0:1-rho:0.6-M:100;KSS_review.py;100;1000000;100;0,5;0,01;0,01;5;1;100;0,6;0,5;lagrange;24,15;75;8;0,084460551
N:100-n:5-r0:1-rho:0.6-M:10;KSS_review.py;10;1000000;100;0,5;0,01;0,01;5;1;100;0,6;0,5;lagrange;112,06;732;14;0,256988095
N:100-n:5-r0:1-rho:0.6-M:1;KSS_review.py;1;1000000;100;0,5;0,01;0,01;5;1;100;0,6;0,5;lagrange;700,98;2479;50;12.603.745.821.100.100
N:100-n:4-r0:10-rho:0.9-M:10000;KSS_review.py;10000;1000000;100;0,5;0,01;0,01;4;10;100;0,9;0,5;lagrange;7;7;7;14.350.878.819.300.100
N:100-n:4-r0:10-rho:0.9-M:1000;KSS_review.py;1000;1000000;100;0,5;0,01;0,01;4;10;100;0,9;0,5;lagrange;7,76;18;7;0,121031471
N:100-n:4-r0:10-rho:0.9-M:100;KSS_review.py;100;1000000;100;0,5;0,01;0,01;4;10;100;0,9;0,5;lagrange;19,23;102;6;0,06502162
N:100-n:4-r0:10-rho:0.9-M:10;KSS_review.py;10;1000000;100;0,5;0,01;0,01;4;10;100;0,9;0,5;lagrange;82,47;288;17;0,189018645
N:100-n:4-r0:10-rho:0.9-M:1;KSS_review.py;1;1000000;100;0,5;0,01;0,01;4;10;100;0,9;0,5;lagrange;659,81;2693;62;1.183.349.121.909.990
N:100-n:4-r0:10-rho:0.8-M:10000;KSS_review.py;10000;1000000;100;0,5;0,01;0,01;4;10;100;0,8;0,5;lagrange;8,02;9;8;16.313.426.062.399.900
N:100-n:4-r0:10-rho:0.8-M:1000;KSS_review.py;1000;1000000;100;0,5;0,01;0,01;4;10;100;0,8;0,5;lagrange;9,1;19;8;0,141903659
N:100-n:4-r0:10-rho:0.8-M:100;KSS_review.py;100;1000000;100;0,5;0,01;0,01;4;10;100;0,8;0,5;lagrange;21,71;70;8;0,074349433
N:100-n:4-r0:10-rho:0.8-M:10;KSS_review.py;10;1000000;100;0,5;0,01;0,01;4;10;100;0,8;0,5;lagrange;107,3;244;35;0,245045262
N:100-n:4-r0:10-rho:0.8-M:1;KSS_review.py;1;1000000;100;0,5;0,01;0,01;4;10;100;0,8;0,5;lagrange;758,81;1926;163;13.645.683.174.300.200
N:100-n:4-r0:10-rho:0.7-M:10000;KSS_review.py;10000;1000000;100;0,5;0,01;0,01;4;10;100;0,7;0,5;lagrange;10,04;11;10;2.046.550.589.879.980
N:100-n:4-r0:10-rho:0.7-M:1000;KSS_review.py;1000;1000000;100;0,5;0,01;0,01;4;10;100;0,7;0,5;lagrange;11,74;19;10;0,18399139
N:100-n:4-r0:10-rho:0.7-M:100;KSS_review.py;100;1000000;100;0,5;0,01;0,01;4;10;100;0,7;0,5;lagrange;26,97;61;10;0,092397574
N:100-n:4-r0:10-rho:0.7-M:10;KSS_review.py;10;1000000;100;0,5;0,01;0,01;4;10;100;0,7;0,5;lagrange;145,18;493;41;0,331800679
N:100-n:4-r0:10-rho:0.7-M:1;KSS_review.py;1;1000000;100;0,5;0,01;0,01;4;10;100;0,7;0,5;lagrange;1153,98;3288;188;2.070.504.133.270.000
N:100-n:4-r0:10-rho:0.6-M:10000;KSS_review.py;10000;1000000;100;0,5;0,01;0,01;4;10;100;0,6;0,5;lagrange;13,58;15;13;27.763.529.688.199.900
N:100-n:4-r0:10-rho:0.6-M:1000;KSS_review.py;1000;1000000;100;0,5;0,01;0,01;4;10;100;0,6;0,5;lagrange;14,78;23;13;0,230864903
N:100-n:4-r0:10-rho:0.6-M:100;KSS_review.py;100;1000000;100;0,5;0,01;0,01;4;10;100;0,6;0,5;lagrange;37,87;88;14;0,129703993
N:100-n:4-r0:10-rho:0.6-M:10;KSS_review.py;10;1000000;100;0,5;0,01;0,01;4;10;100;0,6;0,5;lagrange;208,19;426;18;0,47640161
N:100-n:4-r0:10-rho:0.6-M:1;KSS_review.py;1;1000000;100;0,5;0,01;0,01;4;10;100;0,6;0,5;lagrange;2290,98;4990;506;4.113.185.842.220.040
N:100-n:4-r0:5-rho:0.9-M:10000;KSS_review.py;10000;1000000;100;0,5;0,01;0,01;4;5;100;0,9;0,5;lagrange;3,04;4;3;0,627151921
N:100-n:4-r0:5-rho:0.9-M:1000;KSS_review.py;1000;1000000;100;0,5;0,01;0,01;4;5;100;0,9;0,5;lagrange;4,62;18;3;0,07245223
N:100-n:4-r0:5-rho:0.9-M:100;KSS_review.py;100;1000000;100;0,5;0,01;0,01;4;5;100;0,9;0,5;lagrange;16,43;69;3;0,056431989
N:100-n:4-r0:5-rho:0.9-M:10;KSS_review.py;10;1000000;100;0,5;0,01;0,01;4;5;100;0,9;0,5;lagrange;89,89;537;9;0,205454525
N:100-n:4-r0:5-rho:0.9-M:1;KSS_review.py;1;1000000;100;0,5;0,01;0,01;4;5;100;0,9;0,5;lagrange;506,69;2246;37;0,908449705
N:100-n:4-r0:5-rho:0.8-M:10000;KSS_review.py;10000;1000000;100;0,5;0,01;0,01;4;5;100;0,8;0,5;lagrange;3,47;4;3;0,714239532
N:100-n:4-r0:5-rho:0.8-M:1000;KSS_review.py;1000;1000000;100;0,5;0,01;0,01;4;5;100;0,8;0,5;lagrange;4,82;13;3;0,075177012
N:100-n:4-r0:5-rho:0.8-M:100;KSS_review.py;100;1000000;100;0,5;0,01;0,01;4;5;100;0,8;0,5;lagrange;16,22;46;6;0,055666203
N:100-n:4-r0:5-rho:0.8-M:10;KSS_review.py;10;1000000;100;0,5;0,01;0,01;4;5;100;0,8;0,5;lagrange;89,22;276;12;0,204391496
N:100-n:4-r0:5-rho:0.8-M:1;KSS_review.py;1;1000000;100;0,5;0,01;0,01;4;5;100;0,8;0,5;lagrange;676,2;2933;113;12.130.409.909.599.900
N:100-n:4-r0:5-rho:0.7-M:10000;KSS_review.py;10000;1000000;100;0,5;0,01;0,01;4;5;100;0,7;0,5;lagrange;4;4;4;0,822335237
N:100-n:4-r0:5-rho:0.7-M:1000;KSS_review.py;1000;1000000;100;0,5;0,01;0,01;4;5;100;0,7;0,5;lagrange;5,34;18;4;0,083597382
N:100-n:4-r0:5-rho:0.7-M:100;KSS_review.py;100;1000000;100;0,5;0,01;0,01;4;5;100;0,7;0,5;lagrange;17,66;80;4;0,060564509
N:100-n:4-r0:5-rho:0.7-M:10;KSS_review.py;10;1000000;100;0,5;0,01;0,01;4;5;100;0,7;0,5;lagrange;96,91;396;21;0,221621447
N:100-n:4-r0:5-rho:0.7-M:1;KSS_review.py;1;1000000;100;0,5;0,01;0,01;4;5;100;0,7;0,5;lagrange;767,58;2923;87;1.377.509.366.410.010
N:100-n:4-r0:5-rho:0.6-M:10000;KSS_review.py;10000;1000000;100;0,5;0,01;0,01;4;5;100;0,6;0,5;lagrange;4,22;5;4;0,866070346
N:100-n:4-r0:5-rho:0.6-M:1000;KSS_review.py;1000;1000000;100;0,5;0,01;0,01;4;5;100;0,6;0,5;lagrange;5,66;15;4;0,08852381
N:100-n:4-r0:5-rho:0.6-M:100;KSS_review.py;100;1000000;100;0,5;0,01;0,01;4;5;100;0,6;0,5;lagrange;18,03;41;5;0,061861156
N:100-n:4-r0:5-rho:0.6-M:10;KSS_review.py;10;1000000;100;0,5;0,01;0,01;4;5;100;0,6;0,5;lagrange;129,65;440;25;0,296895876
N:100-n:4-r0:5-rho:0.6-M:1;KSS_review.py;1;1000000;100;0,5;0,01;0,01;4;5;100;0,6;0,5;lagrange;1257,5;2779;192;22.583.494.907.500.400
N:100-n:4-r0:1-rho:0.9-M:10000;KSS_review.py;10000;1000000;100;0,5;0,01;0,01;4;1;100;0,9;0,5;lagrange;14,17;20;13;289.308.360.381.001
N:100-n:4-r0:1-rho:0.9-M:1000;KSS_review.py;1000;1000000;100;0,5;0,01;0,01;4;1;100;0,9;0,5;lagrange;18,32;43;12;0,287587514
N:100-n:4-r0:1-rho:0.9-M:100;KSS_review.py;100;1000000;100;0,5;0,01;0,01;4;1;100;0,9;0,5;lagrange;52,25;351;11;0,178700151
N:100-n:4-r0:1-rho:0.9-M:10;KSS_review.py;10;1000000;100;0,5;0,01;0,01;4;1;100;0,9;0,5;lagrange;713,61;4999;10;16.408.279.026.699.800
N:100-n:4-r0:1-rho:0.9-M:1;KSS_review.py;1;1000000;100;0,5;0,01;0,01;4;1;100;0,9;0,5;lagrange;3280,4;4999;114;5.905.545.265.000.030
N:100-n:4-r0:1-rho:0.8-M:10000;KSS_review.py;10000;1000000;100;0,5;0,01;0,01;4;1;100;0,8;0,5;lagrange;10,45;15;10;21.328.396.154.200.100
N:100-n:4-r0:1-rho:0.8-M:1000;KSS_review.py;1000;1000000;100;0,5;0,01;0,01;4;1;100;0,8;0,5;lagrange;13,01;29;9;0,203628702
N:100-n:4-r0:1-rho:0.8-M:100;KSS_review.py;100;1000000;100;0,5;0,01;0,01;4;1;100;0,8;0,5;lagrange;31,02;172;8;0,106131417
N:100-n:4-r0:1-rho:0.8-M:10;KSS_review.py;10;1000000;100;0,5;0,01;0,01;4;1;100;0,8;0,5;lagrange;229,56;2339;17;0,523634818
N:100-n:4-r0:1-rho:0.8-M:1;KSS_review.py;1;1000000;100;0,5;0,01;0,01;4;1;100;0,8;0,5;lagrange;1620,62;4999;26;29.095.787.756.599.700
N:100-n:4-r0:1-rho:0.7-M:10000;KSS_review.py;10000;1000000;100;0,5;0,01;0,01;4;1;100;0,7;0,5;lagrange;8,5;12;8;17.235.372.027.499.300
N:100-n:4-r0:1-rho:0.7-M:1000;KSS_review.py;1000;1000000;100;0,5;0,01;0,01;4;1;100;0,7;0,5;lagrange;10,62;22;8;0,165605331
N:100-n:4-r0:1-rho:0.7-M:100;KSS_review.py;100;1000000;100;0,5;0,01;0,01;4;1;100;0,7;0,5;lagrange;28,19;148;7;0,096493955
N:100-n:4-r0:1-rho:0.7-M:10;KSS_review.py;10;1000000;100;0,5;0,01;0,01;4;1;100;0,7;0,5;lagrange;143,31;706;12;0,328967132
N:100-n:4-r0:1-rho:0.7-M:1;KSS_review.py;1;1000000;100;0,5;0,01;0,01;4;1;100;0,7;0,5;lagrange;798,04;4110;27;14.302.156.015.200.300
N:100-n:4-r0:1-rho:0.6-M:10000;KSS_review.py;10000;1000000;100;0,5;0,01;0,01;4;1;100;0,6;0,5;lagrange;7,17;10;6;14.638.899.682.299.900
N:100-n:4-r0:1-rho:0.6-M:1000;KSS_review.py;1000;1000000;100;0,5;0,01;0,01;4;1;100;0,6;0,5;lagrange;8,8;19;6;0,138374887
N:100-n:4-r0:1-rho:0.6-M:100;KSS_review.py;100;1000000;100;0,5;0,01;0,01;4;1;100;0,6;0,5;lagrange;22,12;107;6;0,076357131
N:100-n:4-r0:1-rho:0.6-M:10;KSS_review.py;10;1000000;100;0,5;0,01;0,01;4;1;100;0,6;0,5;lagrange;114,73;696;8;0,262317542
N:100-n:4-r0:1-rho:0.6-M:1;KSS_review.py;1;1000000;100;0,5;0,01;0,01;4;1;100;0,6;0,5;lagrange;613,57;2036;54;1.105.948.518.580.040
N:100-n:3-r0:10-rho:0.9-M:10000;KSS_review.py;10000;1000000;100;0,5;0,01;0,01;3;10;100;0,9;0,5;lagrange;8,01;9;8;12.290.816.449.599.500
N:100-n:3-r0:10-rho:0.9-M:1000;KSS_review.py;1000;1000000;100;0,5;0,01;0,01;3;10;100;0,9;0,5;lagrange;8,99;14;8;0,128213762
N:100-n:3-r0:10-rho:0.9-M:100;KSS_review.py;100;1000000;100;0,5;0,01;0,01;3;10;100;0,9;0,5;lagrange;21,17;72;8;0,070100135
N:100-n:3-r0:10-rho:0.9-M:10;KSS_review.py;10;1000000;100;0,5;0,01;0,01;3;10;100;0,9;0,5;lagrange;91;354;21;0,207707082
N:100-n:3-r0:10-rho:0.9-M:1;KSS_review.py;1;1000000;100;0,5;0,01;0,01;3;10;100;0,9;0,5;lagrange;512,41;2238;78;0,942296219
N:100-n:3-r0:10-rho:0.8-M:10000;KSS_review.py;10000;1000000;100;0,5;0,01;0,01;3;10;100;0,8;0,5;lagrange;10;10;10;1.519.674.688.619.990
N:100-n:3-r0:10-rho:0.8-M:1000;KSS_review.py;1000;1000000;100;0,5;0,01;0,01;3;10;100;0,8;0,5;lagrange;11,39;21;10;0,162718852
N:100-n:3-r0:10-rho:0.8-M:100;KSS_review.py;100;1000000;100;0,5;0,01;0,01;3;10;100;0,8;0,5;lagrange;23,99;52;9;0,080164382
N:100-n:3-r0:10-rho:0.8-M:10;KSS_review.py;10;1000000;100;0,5;0,01;0,01;3;10;100;0,8;0,5;lagrange;101,69;387;16;0,231517324
N:100-n:3-r0:10-rho:0.8-M:1;KSS_review.py;1;1000000;100;0,5;0,01;0,01;3;10;100;0,8;0,5;lagrange;629,15;2282;136;1.128.271.955.320.010
N:100-n:3-r0:10-rho:0.7-M:10000;KSS_review.py;10000;1000000;100;0,5;0,01;0,01;3;10;100;0,7;0,5;lagrange;13,04;14;13;1.975.649.302.210.000
N:100-n:3-r0:10-rho:0.7-M:1000;KSS_review.py;1000;1000000;100;0,5;0,01;0,01;3;10;100;0,7;0,5;lagrange;14,29;24;13;0,203513126
N:100-n:3-r0:10-rho:0.7-M:100;KSS_review.py;100;1000000;100;0,5;0,01;0,01;3;10;100;0,7;0,5;lagrange;28,06;77;14;0,092888263
N:100-n:3-r0:10-rho:0.7-M:10;KSS_review.py;10;1000000;100;0,5;0,01;0,01;3;10;100;0,7;0,5;lagrange;136,16;350;31;0,313618014
N:100-n:3-r0:10-rho:0.7-M:1;KSS_review.py;1;1000000;100;0,5;0,01;0,01;3;10;100;0,7;0,5;lagrange;976,56;3631;210;17.517.996.911.299.900
N:100-n:3-r0:10-rho:0.6-M:10000;KSS_review.py;10000;1000000;100;0,5;0,01;0,01;3;10;100;0,6;0,5;lagrange;17,93;21;17;27.519.460.872.299.500
N:100-n:3-r0:10-rho:0.6-M:1000;KSS_review.py;1000;1000000;100;0,5;0,01;0,01;3;10;100;0,6;0,5;lagrange;20,18;28;17;0,293539135
N:100-n:3-r0:10-rho:0.6-M:100;KSS_review.py;100;1000000;100;0,5;0,01;0,01;3;10;100;0,6;0,5;lagrange;37,4;76;17;0,125569503
N:100-n:3-r0:10-rho:0.6-M:10;KSS_review.py;10;1000000;100;0,5;0,01;0,01;3;10;100;0,6;0,5;lagrange;187,89;479;14;0,430105413
N:100-n:3-r0:10-rho:0.6-M:1;KSS_review.py;1;1000000;100;0,5;0,01;0,01;3;10;100;0,6;0,5;lagrange;1714,85;3577;361;30.788.611.060.199.700
N:100-n:3-r0:5-rho:0.9-M:10000;KSS_review.py;10000;1000000;100;0,5;0,01;0,01;3;5;100;0,9;0,5;lagrange;4;4;4;0,63515205
N:100-n:3-r0:5-rho:0.9-M:1000;KSS_review.py;1000;1000000;100;0,5;0,01;0,01;3;5;100;0,9;0,5;lagrange;5,06;10;4;0,072299062
N:100-n:3-r0:5-rho:0.9-M:100;KSS_review.py;100;1000000;100;0,5;0,01;0,01;3;5;100;0,9;0,5;lagrange;15,89;63;4;0,053577214
N:100-n:3-r0:5-rho:0.9-M:10;KSS_review.py;10;1000000;100;0,5;0,01;0,01;3;5;100;0,9;0,5;lagrange;87;615;10;0,199292692
N:100-n:3-r0:5-rho:0.9-M:1;KSS_review.py;1;1000000;100;0,5;0,01;0,01;3;5;100;0,9;0,5;lagrange;504,18;2680;79;0,904884128
N:100-n:3-r0:5-rho:0.8-M:10000;KSS_review.py;10000;1000000;100;0,5;0,01;0,01;3;5;100;0,8;0,5;lagrange;4,06;5;4;0,643628714
N:100-n:3-r0:5-rho:0.8-M:1000;KSS_review.py;1000;1000000;100;0,5;0,01;0,01;3;5;100;0,8;0,5;lagrange;5,67;14;4;0,080988344
N:100-n:3-r0:5-rho:0.8-M:100;KSS_review.py;100;1000000;100;0,5;0,01;0,01;3;5;100;0,8;0,5;lagrange;16,84;58;4;0,056643673
N:100-n:3-r0:5-rho:0.8-M:10;KSS_review.py;10;1000000;100;0,5;0,01;0,01;3;5;100;0,8;0,5;lagrange;74,93;261;8;0,170785279
N:100-n:3-r0:5-rho:0.8-M:1;KSS_review.py;1;1000000;100;0,5;0,01;0,01;3;5;100;0,8;0,5;lagrange;530,62;3372;69;0,953254924
N:100-n:3-r0:5-rho:0.7-M:10000;KSS_review.py;10000;1000000;100;0,5;0,01;0,01;3;5;100;0,7;0,5;lagrange;5,02;6;5;0,78720853
N:100-n:3-r0:5-rho:0.7-M:1000;KSS_review.py;1000;1000000;100;0,5;0,01;0,01;3;5;100;0,7;0,5;lagrange;6,29;13;5;0,090015635
N:100-n:3-r0:5-rho:0.7-M:100;KSS_review.py;100;1000000;100;0,5;0,01;0,01;3;5;100;0,7;0,5;lagrange;16,72;61;5;0,056407929
N:100-n:3-r0:5-rho:0.7-M:10;KSS_review.py;10;1000000;100;0,5;0,01;0,01;3;5;100;0,7;0,5;lagrange;86,04;231;17;0,197121401
N:100-n:3-r0:5-rho:0.7-M:1;KSS_review.py;1;1000000;100;0,5;0,01;0,01;3;5;100;0,7;0,5;lagrange;587,9;1710;86;10.518.306.662.300.100
N:100-n:3-r0:5-rho:0.6-M:10000;KSS_review.py;10000;1000000;100;0,5;0,01;0,01;3;5;100;0,6;0,5;lagrange;6,02;7;6;0,934545052
N:100-n:3-r0:5-rho:0.6-M:1000;KSS_review.py;1000;1000000;100;0,5;0,01;0,01;3;5;100;0,6;0,5;lagrange;7,52;13;6;0,107745212
N:100-n:3-r0:5-rho:0.6-M:100;KSS_review.py;100;1000000;100;0,5;0,01;0,01;3;5;100;0,6;0,5;lagrange;18,68;45;6;0,06281459
N:100-n:3-r0:5-rho:0.6-M:10;KSS_review.py;10;1000000;100;0,5;0,01;0,01;3;5;100;0,6;0,5;lagrange;105,57;262;24;0,240055372
N:100-n:3-r0:5-rho:0.6-M:1;KSS_review.py;1;1000000;100;0,5;0,01;0,01;3;5;100;0,6;0,5;lagrange;921,08;2669;204;1.657.470.996.980.040
N:100-n:3-r0:1-rho:0.9-M:10000;KSS_review.py;10000;1000000;100;0,5;0,01;0,01;3;1;100;0,9;0,5;lagrange;7,43;10;6;11.417.360.272.299.900
N:100-n:3-r0:1-rho:0.9-M:1000;KSS_review.py;1000;1000000;100;0,5;0,01;0,01;3;1;100;0,9;0,5;lagrange;10,75;28;6;0,153400398
N:100-n:3-r0:1-rho:0.9-M:100;KSS_review.py;100;1000000;100;0,5;0,01;0,01;3;1;100;0,9;0,5;lagrange;42,04;296;5;0,141387688
N:100-n:3-r0:1-rho:0.9-M:10;KSS_review.py;10;1000000;100;0,5;0,01;0,01;3;1;100;0,9;0,5;lagrange;669,89;4999;12;1.548.372.190.709.990
N:100-n:3-r0:1-rho:0.9-M:1;KSS_review.py;1;1000000;100;0,5;0,01;0,01;3;1;100;0,9;0,5;lagrange;2916,99;4999;57;5.236.935.500.960.020
N:100-n:3-r0:1-rho:0.8-M:10000;KSS_review.py;10000;1000000;100;0,5;0,01;0,01;3;1;100;0,8;0,5;lagrange;6,4;9;6;0,979059016
N:100-n:3-r0:1-rho:0.8-M:1000;KSS_review.py;1000;1000000;100;0,5;0,01;0,01;3;1;100;0,8;0,5;lagrange;8,99;31;5;0,127482069
N:100-n:3-r0:1-rho:0.8-M:100;KSS_review.py;100;1000000;100;0,5;0,01;0,01;3;1;100;0,8;0,5;lagrange;26,77;143;6;0,089610498
N:100-n:3-r0:1-rho:0.8-M:10;KSS_review.py;10;1000000;100;0,5;0,01;0,01;3;1;100;0,8;0,5;lagrange;198,99;1236;13;0,456324371
N:100-n:3-r0:1-rho:0.8-M:1;KSS_review.py;1;1000000;100;0,5;0,01;0,01;3;1;100;0,8;0,5;lagrange;1492,4;4999;80;26.760.272.065.900.000
N:100-n:3-r0:1-rho:0.7-M:10000;KSS_review.py;10000;1000000;100;0,5;0,01;0,01;3;1;100;0,7;0,5;lagrange;5,34;8;5;0,833272673
N:100-n:3-r0:1-rho:0.7-M:1000;KSS_review.py;1000;1000000;100;0,5;0,01;0,01;3;1;100;0,7;0,5;lagrange;7,62;44;5;0,108766557
N:100-n:3-r0:1-rho:0.7-M:100;KSS_review.py;100;1000000;100;0,5;0,01;0,01;3;1;100;0,7;0,5;lagrange;19,77;93;6;0,066615504
N:100-n:3-r0:1-rho:0.7-M:10;KSS_review.py;10;1000000;100;0,5;0,01;0,01;3;1;100;0,7;0,5;lagrange;114,33;707;6;0,26051279
N:100-n:3-r0:1-rho:0.7-M:1;KSS_review.py;1;1000000;100;0,5;0,01;0,01;3;1;100;0,7;0,5;lagrange;489,52;2601;44;0,887538808
N:100-n:3-r0:1-rho:0.6-M:10000;KSS_review.py;10000;1000000;100;0,5;0,01;0,01;3;1;100;0,6;0,5;lagrange;5,04;6;4;0,789963022
N:100-n:3-r0:1-rho:0.6-M:1000;KSS_review.py;1000;1000000;100;0,5;0,01;0,01;3;1;100;0,6;0,5;lagrange;6,72;16;4;0,095231066
N:100-n:3-r0:1-rho:0.6-M:100;KSS_review.py;100;1000000;100;0,5;0,01;0,01;3;1;100;0,6;0,5;lagrange;14,03;67;4;0,047247018
N:100-n:3-r0:1-rho:0.6-M:10;KSS_review.py;10;1000000;100;0,5;0,01;0,01;3;1;100;0,6;0,5;lagrange;73,69;480;7;0,168257214
N:100-n:3-r0:1-rho:0.6-M:1;KSS_review.py;1;1000000;100;0,5;0,01;0,01;3;1;100;0,6;0,5;lagrange;452,57;2303;46;0,811890238
N:50-n:8-r0:10-rho:0.9-M:10000;KSS_review.py;10000;1000000;50;0,5;0,01;0,01;8;10;100;0,9;0,5;lagrange;2,01;3;2;0,325550954
N:50-n:8-r0:10-rho:0.9-M:1000;KSS_review.py;1000;1000000;50;0,5;0,01;0,01;8;10;100;0,9;0,5;lagrange;2,51;9;2;0,024503186
N:50-n:8-r0:10-rho:0.9-M:100;KSS_review.py;100;1000000;50;0,5;0,01;0,01;8;10;100;0,9;0,5;lagrange;10,29;85;2;0,019497248
N:50-n:8-r0:10-rho:0.9-M:10;KSS_review.py;10;1000000;50;0,5;0,01;0,01;8;10;100;0,9;0,5;lagrange;81,79;425;13;0,096932231
N:50-n:8-r0:10-rho:0.9-M:1;KSS_review.py;1;1000000;50;0,5;0,01;0,01;8;10;100;0,9;0,5;lagrange;628,7;3418;52;0,581527534
N:50-n:8-r0:10-rho:0.8-M:10000;KSS_review.py;10000;1000000;50;0,5;0,01;0,01;8;10;100;0,8;0,5;lagrange;2;2;2;0,323911759
N:50-n:8-r0:10-rho:0.8-M:1000;KSS_review.py;1000;1000000;50;0,5;0,01;0,01;8;10;100;0,8;0,5;lagrange;2,63;11;2;0,025667019
N:50-n:8-r0:10-rho:0.8-M:100;KSS_review.py;100;1000000;50;0,5;0,01;0,01;8;10;100;0,8;0,5;lagrange;9,8;45;2;0,018599043
N:50-n:8-r0:10-rho:0.8-M:10;KSS_review.py;10;1000000;50;0,5;0,01;0,01;8;10;100;0,8;0,5;lagrange;68,48;393;9;0,081243307
N:50-n:8-r0:10-rho:0.8-M:1;KSS_review.py;1;1000000;50;0,5;0,01;0,01;8;10;100;0,8;0,5;lagrange;463,93;1559;73;0,42866611
N:50-n:8-r0:10-rho:0.7-M:10000;KSS_review.py;10000;1000000;50;0,5;0,01;0,01;8;10;100;0,7;0,5;lagrange;2;2;2;0,322337608
N:50-n:8-r0:10-rho:0.7-M:1000;KSS_review.py;1000;1000000;50;0,5;0,01;0,01;8;10;100;0,7;0,5;lagrange;3;9;2;0,029158459
N:50-n:8-r0:10-rho:0.7-M:100;KSS_review.py;100;1000000;50;0,5;0,01;0,01;8;10;100;0,7;0,5;lagrange;10,34;37;2;0,019440088
N:50-n:8-r0:10-rho:0.7-M:10;KSS_review.py;10;1000000;50;0,5;0,01;0,01;8;10;100;0,7;0,5;lagrange;61,46;211;11;0,073132433
N:50-n:8-r0:10-rho:0.7-M:1;KSS_review.py;1;1000000;50;0,5;0,01;0,01;8;10;100;0,7;0,5;lagrange;479,73;1733;88;0,443419912
N:50-n:8-r0:10-rho:0.6-M:10000;KSS_review.py;10000;1000000;50;0,5;0,01;0,01;8;10;100;0,6;0,5;lagrange;2,01;3;2;0,323463134
N:50-n:8-r0:10-rho:0.6-M:1000;KSS_review.py;1000;1000000;50;0,5;0,01;0,01;8;10;100;0,6;0,5;lagrange;2,79;8;2;0,027209184
N:50-n:8-r0:10-rho:0.6-M:100;KSS_review.py;100;1000000;50;0,5;0,01;0,01;8;10;100;0,6;0,5;lagrange;9,83;40;3;0,018627319
N:50-n:8-r0:10-rho:0.6-M:10;KSS_review.py;10;1000000;50;0,5;0,01;0,01;8;10;100;0,6;0,5;lagrange;77,19;235;19;0,091634269
N:50-n:8-r0:10-rho:0.6-M:1;KSS_review.py;1;1000000;50;0,5;0,01;0,01;8;10;100;0,6;0,5;lagrange;721,86;2024;111;0,667381351
N:50-n:8-r0:5-rho:0.9-M:10000;KSS_review.py;10000;1000000;50;0,5;0,01;0,01;8;5;100;0,9;0,5;lagrange;2,18;4;2;0,350677497
N:50-n:8-r0:5-rho:0.9-M:1000;KSS_review.py;1000;1000000;50;0,5;0,01;0,01;8;5;100;0,9;0,5;lagrange;3,23;12;1;0,0313391
N:50-n:8-r0:5-rho:0.9-M:100;KSS_review.py;100;1000000;50;0,5;0,01;0,01;8;5;100;0,9;0,5;lagrange;15,8;80;1;0,029710256
N:50-n:8-r0:5-rho:0.9-M:10;KSS_review.py;10;1000000;50;0,5;0,01;0,01;8;5;100;0,9;0,5;lagrange;166,61;1465;3;0,197705031
N:50-n:8-r0:5-rho:0.9-M:1;KSS_review.py;1;1000000;50;0,5;0,01;0,01;8;5;100;0,9;0,5;lagrange;1354,11;4999;42;1.250.982.828.720.000
N:50-n:8-r0:5-rho:0.8-M:10000;KSS_review.py;10000;1000000;50;0,5;0,01;0,01;8;5;100;0,8;0,5;lagrange;2,14;4;2;0,346054863
N:50-n:8-r0:5-rho:0.8-M:1000;KSS_review.py;1000;1000000;50;0,5;0,01;0,01;8;5;100;0,8;0,5;lagrange;3,4;22;2;0,033199811
N:50-n:8-r0:5-rho:0.8-M:100;KSS_review.py;100;1000000;50;0,5;0,01;0,01;8;5;100;0,8;0,5;lagrange;11,73;80;2;0,02228349
N:50-n:8-r0:5-rho:0.8-M:10;KSS_review.py;10;1000000;50;0,5;0,01;0,01;8;5;100;0,8;0,5;lagrange;77,87;286;8;0,092653016
N:50-n:8-r0:5-rho:0.8-M:1;KSS_review.py;1;1000000;50;0,5;0,01;0,01;8;5;100;0,8;0,5;lagrange;584,19;3646;76;0,541710754
N:50-n:8-r0:5-rho:0.7-M:10000;KSS_review.py;10000;1000000;50;0,5;0,01;0,01;8;5;100;0,7;0,5;lagrange;2,13;3;2;0,344636772
N:50-n:8-r0:5-rho:0.7-M:1000;KSS_review.py;1000;1000000;50;0,5;0,01;0,01;8;5;100;0,7;0,5;lagrange;2,9;9;2;0,028345749
N:50-n:8-r0:5-rho:0.7-M:100;KSS_review.py;100;1000000;50;0,5;0,01;0,01;8;5;100;0,7;0,5;lagrange;8,16;51;2;0,015504522
N:50-n:8-r0:5-rho:0.7-M:10;KSS_review.py;10;1000000;50;0,5;0,01;0,01;8;5;100;0,7;0,5;lagrange;55,61;201;7;0,066748349
N:50-n:8-r0:5-rho:0.7-M:1;KSS_review.py;1;1000000;50;0,5;0,01;0,01;8;5;100;0,7;0,5;lagrange;431,52;1587;52;0,398261757
N:50-n:8-r0:5-rho:0.6-M:10000;KSS_review.py;10000;1000000;50;0,5;0,01;0,01;8;5;100;0,6;0,5;lagrange;2,06;3;2;0,333126204
N:50-n:8-r0:5-rho:0.6-M:1000;KSS_review.py;1000;1000000;50;0,5;0,01;0,01;8;5;100;0,6;0,5;lagrange;3,02;11;2;0,029489337
N:50-n:8-r0:5-rho:0.6-M:100;KSS_review.py;100;1000000;50;0,5;0,01;0,01;8;5;100;0,6;0,5;lagrange;8,87;46;2;0,016844051
N:50-n:8-r0:5-rho:0.6-M:10;KSS_review.py;10;1000000;50;0,5;0,01;0,01;8;5;100;0,6;0,5;lagrange;52,16;231;7;0,061863677
N:50-n:8-r0:5-rho:0.6-M:1;KSS_review.py;1;1000000;50;0,5;0,01;0,01;8;5;100;0,6;0,5;lagrange;507,52;1616;86;0,469244815
N:50-n:8-r0:1-rho:0.9-M:10000;KSS_review.py;10000;1000000;50;0,5;0,01;0,01;8;1;100;0,9;0,5;lagrange;460,25;615;368;7.360.698.903.910.000
N:50-n:8-r0:1-rho:0.9-M:1000;KSS_review.py;1000;1000000;50;0,5;0,01;0,01;8;1;100;0,9;0,5;lagrange;528,06;1146;346;5.159.780.540.259.990
N:50-n:8-r0:1-rho:0.9-M:100;KSS_review.py;100;1000000;50;0,5;0,01;0,01;8;1;100;0,9;0,5;lagrange;985,25;4999;279;18.650.372.070.400.000
N:50-n:8-r0:1-rho:0.9-M:10;KSS_review.py;10;1000000;50;0,5;0,01;0,01;8;1;100;0,9;0,5;lagrange;2506,52;4999;252;2.976.652.198.949.990
N:50-n:8-r0:1-rho:0.9-M:1;KSS_review.py;1;1000000;50;0,5;0,01;0,01;8;1;100;0,9;0,5;lagrange;4333,59;4999;488;40.065.901.262.099.900
N:50-n:8-r0:1-rho:0.8-M:10000;KSS_review.py;10000;1000000;50;0,5;0,01;0,01;8;1;100;0,8;0,5;lagrange;139,08;171;118;22.260.109.729.100.000
N:50-n:8-r0:1-rho:0.8-M:1000;KSS_review.py;1000;1000000;50;0,5;0,01;0,01;8;1;100;0,8;0,5;lagrange;152,41;283;116;1.478.978.459.860.000
N:50-n:8-r0:1-rho:0.8-M:100;KSS_review.py;100;1000000;50;0,5;0,01;0,01;8;1;100;0,8;0,5;lagrange;250,55;1205;113;0,474644911
N:50-n:8-r0:1-rho:0.8-M:10;KSS_review.py;10;1000000;50;0,5;0,01;0,01;8;1;100;0,8;0,5;lagrange;769,11;4536;62;0,913762587
N:50-n:8-r0:1-rho:0.8-M:1;KSS_review.py;1;1000000;50;0,5;0,01;0,01;8;1;100;0,8;0,5;lagrange;2648,06;4999;98;244.747.379.501.001
N:50-n:8-r0:1-rho:0.7-M:10000;KSS_review.py;10000;1000000;50;0,5;0,01;0,01;8;1;100;0,7;0,5;lagrange;66,8;86;58;10.696.413.199.620.000
N:50-n:8-r0:1-rho:0.7-M:1000;KSS_review.py;1000;1000000;50;0,5;0,01;0,01;8;1;100;0,7;0,5;lagrange;70,56;118;58;0,686711961
N:50-n:8-r0:1-rho:0.7-M:100;KSS_review.py;100;1000000;50;0,5;0,01;0,01;8;1;100;0,7;0,5;lagrange;106,09;400;58;0,200987415
N:50-n:8-r0:1-rho:0.7-M:10;KSS_review.py;10;1000000;50;0,5;0,01;0,01;8;1;100;0,7;0,5;lagrange;288,29;2908;45;0,342590074
N:50-n:8-r0:1-rho:0.7-M:1;KSS_review.py;1;1000000;50;0,5;0,01;0,01;8;1;100;0,7;0,5;lagrange;1091,91;4999;55;10.107.799.153.400.200
N:50-n:8-r0:1-rho:0.6-M:10000;KSS_review.py;10000;1000000;50;0,5;0,01;0,01;8;1;100;0,6;0,5;lagrange;39,97;50;35;6.390.306.074.270.010
N:50-n:8-r0:1-rho:0.6-M:1000;KSS_review.py;1000;1000000;50;0,5;0,01;0,01;8;1;100;0,6;0,5;lagrange;44,19;81;35;0,439213094
N:50-n:8-r0:1-rho:0.6-M:100;KSS_review.py;100;1000000;50;0,5;0,01;0,01;8;1;100;0,6;0,5;lagrange;58,18;140;35;0,110975561
N:50-n:8-r0:1-rho:0.6-M:10;KSS_review.py;10;1000000;50;0,5;0,01;0,01;8;1;100;0,6;0,5;lagrange;110,41;462;33;0,130883621
N:50-n:8-r0:1-rho:0.6-M:1;KSS_review.py;1;1000000;50;0,5;0,01;0,01;8;1;100;0,6;0,5;lagrange;552,25;2354;37;0,511275795
N:50-n:7-r0:10-rho:0.9-M:10000;KSS_review.py;10000;1000000;50;0,5;0,01;0,01;7;10;100;0,9;0,5;lagrange;2;2;2;0,279273746
N:50-n:7-r0:10-rho:0.9-M:1000;KSS_review.py;1000;1000000;50;0,5;0,01;0,01;7;10;100;0,9;0,5;lagrange;2,55;5;2;0,023447569
N:50-n:7-r0:10-rho:0.9-M:100;KSS_review.py;100;1000000;50;0,5;0,01;0,01;7;10;100;0,9;0,5;lagrange;9,72;37;2;0,018150682
N:50-n:7-r0:10-rho:0.9-M:10;KSS_review.py;10;1000000;50;0,5;0,01;0,01;7;10;100;0,9;0,5;lagrange;79,43;651;11;0,094500478
N:50-n:7-r0:10-rho:0.9-M:1;KSS_review.py;1;1000000;50;0,5;0,01;0,01;7;10;100;0,9;0,5;lagrange;541,75;4999;69;0,500279664
N:50-n:7-r0:10-rho:0.8-M:10000;KSS_review.py;10000;1000000;50;0,5;0,01;0,01;7;10;100;0,8;0,5;lagrange;2,02;3;2;0,283163922
N:50-n:7-r0:10-rho:0.8-M:1000;KSS_review.py;1000;1000000;50;0,5;0,01;0,01;7;10;100;0,8;0,5;lagrange;2,88;10;2;0,026458578
N:50-n:7-r0:10-rho:0.8-M:100;KSS_review.py;100;1000000;50;0,5;0,01;0,01;7;10;100;0,8;0,5;lagrange;10,79;44;2;0,020130075
N:50-n:7-r0:10-rho:0.8-M:10;KSS_review.py;10;1000000;50;0,5;0,01;0,01;7;10;100;0,8;0,5;lagrange;66,23;243;10;0,078496746
N:50-n:7-r0:10-rho:0.8-M:1;KSS_review.py;1;1000000;50;0,5;0,01;0,01;7;10;100;0,8;0,5;lagrange;387,94;1201;64;0,357677387
N:50-n:7-r0:10-rho:0.7-M:10000;KSS_review.py;10000;1000000;50;0,5;0,01;0,01;7;10;100;0,7;0,5;lagrange;2,02;3;2;0,280500504
N:50-n:7-r0:10-rho:0.7-M:1000;KSS_review.py;1000;1000000;50;0,5;0,01;0,01;7;10;100;0,7;0,5;lagrange;2,75;7;2;0,025132757
N:50-n:7-r0:10-rho:0.7-M:100;KSS_review.py;100;1000000;50;0,5;0,01;0,01;7;10;100;0,7;0,5;lagrange;10,1;41;2;0,018676545
N:50-n:7-r0:10-rho:0.7-M:10;KSS_review.py;10;1000000;50;0,5;0,01;0,01;7;10;100;0,7;0,5;lagrange;56,47;146;8;0,067110743
N:50-n:7-r0:10-rho:0.7-M:1;KSS_review.py;1;1000000;50;0,5;0,01;0,01;7;10;100;0,7;0,5;lagrange;511,66;1580;128;0,472849791
N:50-n:7-r0:10-rho:0.6-M:10000;KSS_review.py;10000;1000000;50;0,5;0,01;0,01;7;10;100;0,6;0,5;lagrange;2,05;3;2;0,285762882
N:50-n:7-r0:10-rho:0.6-M:1000;KSS_review.py;1000;1000000;50;0,5;0,01;0,01;7;10;100;0,6;0,5;lagrange;2,94;7;2;0,02706794
N:50-n:7-r0:10-rho:0.6-M:100;KSS_review.py;100;1000000;50;0,5;0,01;0,01;7;10;100;0,6;0,5;lagrange;9,59;38;2;0,017867816
N:50-n:7-r0:10-rho:0.6-M:10;KSS_review.py;10;1000000;50;0,5;0,01;0,01;7;10;100;0,6;0,5;lagrange;65,84;196;10;0,078194098
N:50-n:7-r0:10-rho:0.6-M:1;KSS_review.py;1;1000000;50;0,5;0,01;0,01;7;10;100;0,6;0,5;lagrange;652,45;1977;56;0,604502412
N:50-n:7-r0:5-rho:0.9-M:10000;KSS_review.py;10000;1000000;50;0,5;0,01;0,01;7;5;100;0,9;0,5;lagrange;1,59;4;1;0,227008956
N:50-n:7-r0:5-rho:0.9-M:1000;KSS_review.py;1000;1000000;50;0,5;0,01;0,01;7;5;100;0,9;0,5;lagrange;3,18;18;1;0,029231592
N:50-n:7-r0:5-rho:0.9-M:100;KSS_review.py;100;1000000;50;0,5;0,01;0,01;7;5;100;0,9;0,5;lagrange;12,72;92;1;0,023739734
N:50-n:7-r0:5-rho:0.9-M:10;KSS_review.py;10;1000000;50;0,5;0,01;0,01;7;5;100;0,9;0,5;lagrange;137,93;1755;8;0,164009669
N:50-n:7-r0:5-rho:0.9-M:1;KSS_review.py;1;1000000;50;0,5;0,01;0,01;7;5;100;0,9;0,5;lagrange;1099,02;4999;25;1.015.731.601.269.980
N:50-n:7-r0:5-rho:0.8-M:10000;KSS_review.py;10000;1000000;50;0,5;0,01;0,01;7;5;100;0,8;0,5;lagrange;1,61;3;1;0,229663512
N:50-n:7-r0:5-rho:0.8-M:1000;KSS_review.py;1000;1000000;50;0,5;0,01;0,01;7;5;100;0,8;0,5;lagrange;3,09;14;1;0,028347969
N:50-n:7-r0:5-rho:0.8-M:100;KSS_review.py;100;1000000;50;0,5;0,01;0,01;7;5;100;0,8;0,5;lagrange;9,42;51;2;0,017568214
N:50-n:7-r0:5-rho:0.8-M:10;KSS_review.py;10;1000000;50;0,5;0,01;0,01;7;5;100;0,8;0,5;lagrange;67,46;340;5;0,079823415
N:50-n:7-r0:5-rho:0.8-M:1;KSS_review.py;1;1000000;50;0,5;0,01;0,01;7;5;100;0,8;0,5;lagrange;632,55;4536;55;0,584185661
N:50-n:7-r0:5-rho:0.7-M:10000;KSS_review.py;10000;1000000;50;0,5;0,01;0,01;7;5;100;0,7;0,5;lagrange;1,62;4;1;0,230702507
N:50-n:7-r0:5-rho:0.7-M:1000;KSS_review.py;1000;1000000;50;0,5;0,01;0,01;7;5;100;0,7;0,5;lagrange;2,57;14;1;0,023596275
N:50-n:7-r0:5-rho:0.7-M:100;KSS_review.py;100;1000000;50;0,5;0,01;0,01;7;5;100;0,7;0,5;lagrange;8,99;50;2;0,016760954
N:50-n:7-r0:5-rho:0.7-M:10;KSS_review.py;10;1000000;50;0,5;0,01;0,01;7;5;100;0,7;0,5;lagrange;50,75;194;5;0,059951871
N:50-n:7-r0:5-rho:0.7-M:1;KSS_review.py;1;1000000;50;0,5;0,01;0,01;7;5;100;0,7;0,5;lagrange;432,6;1753;21;0,398333962
N:50-n:7-r0:5-rho:0.6-M:10000;KSS_review.py;10000;1000000;50;0,5;0,01;0,01;7;5;100;0,6;0,5;lagrange;1,55;3;1;0,222494578
N:50-n:7-r0:5-rho:0.6-M:1000;KSS_review.py;1000;1000000;50;0,5;0,01;0,01;7;5;100;0,6;0,5;lagrange;2,69;18;1;0,024734143
N:50-n:7-r0:5-rho:0.6-M:100;KSS_review.py;100;1000000;50;0,5;0,01;0,01;7;5;100;0,6;0,5;lagrange;7,73;43;2;0,014393144
N:50-n:7-r0:5-rho:0.6-M:10;KSS_review.py;10;1000000;50;0,5;0,01;0,01;7;5;100;0,6;0,5;lagrange;48,31;169;8;0,056933186
N:50-n:7-r0:5-rho:0.6-M:1;KSS_review.py;1;1000000;50;0,5;0,01;0,01;7;5;100;0,6;0,5;lagrange;409,09;1408;117;0,377810856
N:50-n:7-r0:1-rho:0.9-M:10000;KSS_review.py;10000;1000000;50;0,5;0,01;0,01;7;1;100;0,9;0,5;lagrange;253,82;336;203;29.307.831.500.249.900
N:50-n:7-r0:1-rho:0.9-M:1000;KSS_review.py;1000;1000000;50;0,5;0,01;0,01;7;1;100;0,9;0,5;lagrange;294,06;678;199;26.839.963.666.800.000
N:50-n:7-r0:1-rho:0.9-M:100;KSS_review.py;100;1000000;50;0,5;0,01;0,01;7;1;100;0,9;0,5;lagrange;583,33;4308;188;10.856.938.998.499.900
N:50-n:7-r0:1-rho:0.9-M:10;KSS_review.py;10;1000000;50;0,5;0,01;0,01;7;1;100;0,9;0,5;lagrange;2133,57;4999;182;25.181.562.648.100.000
N:50-n:7-r0:1-rho:0.9-M:1;KSS_review.py;1;1000000;50;0,5;0,01;0,01;7;1;100;0,9;0,5;lagrange;4235,01;4999;297;39.008.074.957.999.900
N:50-n:7-r0:1-rho:0.8-M:10000;KSS_review.py;10000;1000000;50;0,5;0,01;0,01;7;1;100;0,8;0,5;lagrange;93,5;123;80;10.862.869.467.529.900
N:50-n:7-r0:1-rho:0.8-M:1000;KSS_review.py;1000;1000000;50;0,5;0,01;0,01;7;1;100;0,8;0,5;lagrange;100,79;168;77;0,925116915
N:50-n:7-r0:1-rho:0.8-M:100;KSS_review.py;100;1000000;50;0,5;0,01;0,01;7;1;100;0,8;0,5;lagrange;149,45;497;76;0,277919076
N:50-n:7-r0:1-rho:0.8-M:10;KSS_review.py;10;1000000;50;0,5;0,01;0,01;7;1;100;0,8;0,5;lagrange;608,49;4999;72;0,721708915
N:50-n:7-r0:1-rho:0.8-M:1;KSS_review.py;1;1000000;50;0,5;0,01;0,01;7;1;100;0,8;0,5;lagrange;2692,38;4999;223;24.874.718.869.000.000
N:50-n:7-r0:1-rho:0.7-M:10000;KSS_review.py;10000;1000000;50;0,5;0,01;0,01;7;1;100;0,7;0,5;lagrange;48,95;59;43;5.701.978.153.219.980
N:50-n:7-r0:1-rho:0.7-M:1000;KSS_review.py;1000;1000000;50;0,5;0,01;0,01;7;1;100;0,7;0,5;lagrange;53,88;93;42;0,493145765
N:50-n:7-r0:1-rho:0.7-M:100;KSS_review.py;100;1000000;50;0,5;0,01;0,01;7;1;100;0,7;0,5;lagrange;77,31;243;41;0,143654436
N:50-n:7-r0:1-rho:0.7-M:10;KSS_review.py;10;1000000;50;0,5;0,01;0,01;7;1;100;0,7;0,5;lagrange;220,7;981;42;0,261151342
N:50-n:7-r0:1-rho:0.7-M:1;KSS_review.py;1;1000000;50;0,5;0,01;0,01;7;1;100;0,7;0,5;lagrange;1301,54;4999;52;12.022.878.071.500.000
N:50-n:7-r0:1-rho:0.6-M:10000;KSS_review.py;10000;1000000;50;0,5;0,01;0,01;7;1;100;0,6;0,5;lagrange;31,76;40;28;3.719.154.164.249.990
N:50-n:7-r0:1-rho:0.6-M:1000;KSS_review.py;1000;1000000;50;0,5;0,01;0,01;7;1;100;0,6;0,5;lagrange;33,98;55;27;0,310790078
N:50-n:7-r0:1-rho:0.6-M:100;KSS_review.py;100;1000000;50;0,5;0,01;0,01;7;1;100;0,6;0,5;lagrange;51;236;26;0,094859467
N:50-n:7-r0:1-rho:0.6-M:10;KSS_review.py;10;1000000;50;0,5;0,01;0,01;7;1;100;0,6;0,5;lagrange;107,17;494;18;0,127018628
N:50-n:7-r0:1-rho:0.6-M:1;KSS_review.py;1;1000000;50;0,5;0,01;0,01;7;1;100;0,6;0,5;lagrange;579,11;2785;22;0,535456608
N:50-n:6-r0:10-rho:0.9-M:10000;KSS_review.py;10000;1000000;50;0,5;0,01;0,01;6;10;100;0,9;0,5;lagrange;2;2;2;0,249484958
N:50-n:6-r0:10-rho:0.9-M:1000;KSS_review.py;1000;1000000;50;0,5;0,01;0,01;6;10;100;0,9;0,5;lagrange;2,96;12;2;0,025012617
N:50-n:6-r0:10-rho:0.9-M:100;KSS_review.py;100;1000000;50;0,5;0,01;0,01;6;10;100;0,9;0,5;lagrange;9,66;37;2;0,017724294
N:50-n:6-r0:10-rho:0.9-M:10;KSS_review.py;10;1000000;50;0,5;0,01;0,01;6;10;100;0,9;0,5;lagrange;64,61;254;10;0,075943337
N:50-n:6-r0:10-rho:0.9-M:1;KSS_review.py;1;1000000;50;0,5;0,01;0,01;6;10;100;0,9;0,5;lagrange;405,67;2191;70;0,375130114
N:50-n:6-r0:10-rho:0.8-M:10000;KSS_review.py;10000;1000000;50;0,5;0,01;0,01;6;10;100;0,8;0,5;lagrange;2,06;3;2;0,25578104
N:50-n:6-r0:10-rho:0.8-M:1000;KSS_review.py;1000;1000000;50;0,5;0,01;0,01;6;10;100;0,8;0,5;lagrange;3,13;9;2;0,026443955
N:50-n:6-r0:10-rho:0.8-M:100;KSS_review.py;100;1000000;50;0,5;0,01;0,01;6;10;100;0,8;0,5;lagrange;10,31;42;2;0,018864504
N:50-n:6-r0:10-rho:0.8-M:10;KSS_review.py;10;1000000;50;0,5;0,01;0,01;6;10;100;0,8;0,5;lagrange;57,37;230;7;0,067697209
N:50-n:6-r0:10-rho:0.8-M:1;KSS_review.py;1;1000000;50;0,5;0,01;0,01;6;10;100;0,8;0,5;lagrange;381,8;1290;62;0,352359735
N:50-n:6-r0:10-rho:0.7-M:10000;KSS_review.py;10000;1000000;50;0,5;0,01;0,01;6;10;100;0,7;0,5;lagrange;2,17;3;2;0,267816763
N:50-n:6-r0:10-rho:0.7-M:1000;KSS_review.py;1000;1000000;50;0,5;0,01;0,01;6;10;100;0,7;0,5;lagrange;3,06;9;2;0,025815285
N:50-n:6-r0:10-rho:0.7-M:100;KSS_review.py;100;1000000;50;0,5;0,01;0,01;6;10;100;0,7;0,5;lagrange;9,99;27;3;0,018512999
N:50-n:6-r0:10-rho:0.7-M:10;KSS_review.py;10;1000000;50;0,5;0,01;0,01;6;10;100;0,7;0,5;lagrange;60,5;206;15;0,071106587
N:50-n:6-r0:10-rho:0.7-M:1;KSS_review.py;1;1000000;50;0,5;0,01;0,01;6;10;100;0,7;0,5;lagrange;431,41;1050;100;0,399009441
N:50-n:6-r0:10-rho:0.6-M:10000;KSS_review.py;10000;1000000;50;0,5;0,01;0,01;6;10;100;0,6;0,5;lagrange;2,44;3;2;0,2964864
N:50-n:6-r0:10-rho:0.6-M:1000;KSS_review.py;1000;1000000;50;0,5;0,01;0,01;6;10;100;0,6;0,5;lagrange;3,51;8;2;0,02960809
N:50-n:6-r0:10-rho:0.6-M:100;KSS_review.py;100;1000000;50;0,5;0,01;0,01;6;10;100;0,6;0,5;lagrange;11,2;41;3;0,020462601
N:50-n:6-r0:10-rho:0.6-M:10;KSS_review.py;10;1000000;50;0,5;0,01;0,01;6;10;100;0,6;0,5;lagrange;72,64;199;8;0,08564119
N:50-n:6-r0:10-rho:0.6-M:1;KSS_review.py;1;1000000;50;0,5;0,01;0,01;6;10;100;0,6;0,5;lagrange;633,67;1606;109;0,586247073
N:50-n:6-r0:5-rho:0.9-M:10000;KSS_review.py;10000;1000000;50;0,5;0,01;0,01;6;5;100;0,9;0,5;lagrange;1,14;3;1;0,152016249
N:50-n:6-r0:5-rho:0.9-M:1000;KSS_review.py;1000;1000000;50;0,5;0,01;0,01;6;5;100;0,9;0,5;lagrange;2,23;10;1;0,018934917
N:50-n:6-r0:5-rho:0.9-M:100;KSS_review.py;100;1000000;50;0,5;0,01;0,01;6;5;100;0,9;0,5;lagrange;12,27;74;2;0,022452217
N:50-n:6-r0:5-rho:0.9-M:10;KSS_review.py;10;1000000;50;0,5;0,01;0,01;6;5;100;0,9;0,5;lagrange;98,22;1879;3;0,117928608
N:50-n:6-r0:5-rho:0.9-M:1;KSS_review.py;1;1000000;50;0,5;0,01;0,01;6;5;100;0,9;0,5;lagrange;1174,28;4999;64;10.844.581.244.399.800
N:50-n:6-r0:5-rho:0.8-M:10000;KSS_review.py;10000;1000000;50;0,5;0,01;0,01;6;5;100;0,8;0,5;lagrange;1,16;3;1;0,154293274
N:50-n:6-r0:5-rho:0.8-M:1000;KSS_review.py;1000;1000000;50;0,5;0,01;0,01;6;5;100;0,8;0,5;lagrange;2,49;16;1;0,021124881
N:50-n:6-r0:5-rho:0.8-M:100;KSS_review.py;100;1000000;50;0,5;0,01;0,01;6;5;100;0,8;0,5;lagrange;10,25;65;1;0,018733667
N:50-n:6-r0:5-rho:0.8-M:10;KSS_review.py;10;1000000;50;0,5;0,01;0,01;6;5;100;0,8;0,5;lagrange;62,8;281;6;0,074006691
N:50-n:6-r0:5-rho:0.8-M:1;KSS_review.py;1;1000000;50;0,5;0,01;0,01;6;5;100;0,8;0,5;lagrange;561,61;4303;46;0,519724276
N:50-n:6-r0:5-rho:0.7-M:10000;KSS_review.py;10000;1000000;50;0,5;0,01;0,01;6;5;100;0,7;0,5;lagrange;1,15;3;1;0,153122805
N:50-n:6-r0:5-rho:0.7-M:1000;KSS_review.py;1000;1000000;50;0,5;0,01;0,01;6;5;100;0,7;0,5;lagrange;2,32;13;1;0,019682346
N:50-n:6-r0:5-rho:0.7-M:100;KSS_review.py;100;1000000;50;0,5;0,01;0,01;6;5;100;0,7;0,5;lagrange;8,75;35;1;0,016004056
N:50-n:6-r0:5-rho:0.7-M:10;KSS_review.py;10;1000000;50;0,5;0,01;0,01;6;5;100;0,7;0,5;lagrange;48,51;204;8;0,057115598
N:50-n:6-r0:5-rho:0.7-M:1;KSS_review.py;1;1000000;50;0,5;0,01;0,01;6;5;100;0,7;0,5;lagrange;413,24;1621;47;0,382210229
N:50-n:6-r0:5-rho:0.6-M:10000;KSS_review.py;10000;1000000;50;0,5;0,01;0,01;6;5;100;0,6;0,5;lagrange;1,1;2;1;0,147428578
N:50-n:6-r0:5-rho:0.6-M:1000;KSS_review.py;1000;1000000;50;0,5;0,01;0,01;6;5;100;0,6;0,5;lagrange;2,24;8;1;0,018967995
N:50-n:6-r0:5-rho:0.6-M:100;KSS_review.py;100;1000000;50;0,5;0,01;0,01;6;5;100;0,6;0,5;lagrange;8,4;38;2;0,015338534
N:50-n:6-r0:5-rho:0.6-M:10;KSS_review.py;10;1000000;50;0,5;0,01;0,01;6;5;100;0,6;0,5;lagrange;53,37;134;4;0,062934167
N:50-n:6-r0:5-rho:0.6-M:1;KSS_review.py;1;1000000;50;0,5;0,01;0,01;6;5;100;0,6;0,5;lagrange;454,89;2004;64;0,419500535
N:50-n:6-r0:1-rho:0.9-M:10000;KSS_review.py;10000;1000000;50;0,5;0,01;0,01;6;1;100;0,9;0,5;lagrange;140,42;188;111;14.576.929.652.870.000
N:50-n:6-r0:1-rho:0.9-M:1000;KSS_review.py;1000;1000000;50;0,5;0,01;0,01;6;1;100;0,9;0,5;lagrange;163,31;476;108;13.656.671.546.100.000
N:50-n:6-r0:1-rho:0.9-M:100;KSS_review.py;100;1000000;50;0,5;0,01;0,01;6;1;100;0,9;0,5;lagrange;329,35;2700;106;0,59196554
N:50-n:6-r0:1-rho:0.9-M:10;KSS_review.py;10;1000000;50;0,5;0,01;0,01;6;1;100;0,9;0,5;lagrange;1389,16;4999;68;16.329.381.049.299.900
N:50-n:6-r0:1-rho:0.9-M:1;KSS_review.py;1;1000000;50;0,5;0,01;0,01;6;1;100;0,9;0,5;lagrange;4068,49;4999;310;3.757.268.930.929.980
N:50-n:6-r0:1-rho:0.8-M:10000;KSS_review.py;10000;1000000;50;0,5;0,01;0,01;6;1;100;0,8;0,5;lagrange;60,54;78;51;6.305.052.422.990.000
N:50-n:6-r0:1-rho:0.8-M:1000;KSS_review.py;1000;1000000;50;0,5;0,01;0,01;6;1;100;0,8;0,5;lagrange;69,18;141;50;0,583120603
N:50-n:6-r0:1-rho:0.8-M:100;KSS_review.py;100;1000000;50;0,5;0,01;0,01;6;1;100;0,8;0,5;lagrange;107,46;497;44;0,196048236
N:50-n:6-r0:1-rho:0.8-M:10;KSS_review.py;10;1000000;50;0,5;0,01;0,01;6;1;100;0,8;0,5;lagrange;530,93;4999;33;0,624309492
N:50-n:6-r0:1-rho:0.8-M:1;KSS_review.py;1;1000000;50;0,5;0,01;0,01;6;1;100;0,8;0,5;lagrange;2317,12;4999;64;2.132.349.718.400.000
N:50-n:6-r0:1-rho:0.7-M:10000;KSS_review.py;10000;1000000;50;0,5;0,01;0,01;6;1;100;0,7;0,5;lagrange;34,64;42;31;36.221.870.806.599.900
N:50-n:6-r0:1-rho:0.7-M:1000;KSS_review.py;1000;1000000;50;0,5;0,01;0,01;6;1;100;0,7;0,5;lagrange;38,86;65;29;0,328636621
N:50-n:6-r0:1-rho:0.7-M:100;KSS_review.py;100;1000000;50;0,5;0,01;0,01;6;1;100;0,7;0,5;lagrange;66,82;337;29;0,121925421
N:50-n:6-r0:1-rho:0.7-M:10;KSS_review.py;10;1000000;50;0,5;0,01;0,01;6;1;100;0,7;0,5;lagrange;168,64;1227;30;0,198183542
N:50-n:6-r0:1-rho:0.7-M:1;KSS_review.py;1;1000000;50;0,5;0,01;0,01;6;1;100;0,7;0,5;lagrange;981,63;4999;28;0,916854454
N:50-n:6-r0:1-rho:0.6-M:10000;KSS_review.py;10000;1000000;50;0,5;0,01;0,01;6;1;100;0,6;0,5;lagrange;23,46;29;21;24.657.406.034.500.000
N:50-n:6-r0:1-rho:0.6-M:1000;KSS_review.py;1000;1000000;50;0,5;0,01;0,01;6;1;100;0,6;0,5;lagrange;25,67;44;20;0,21595043
N:50-n:6-r0:1-rho:0.6-M:100;KSS_review.py;100;1000000;50;0,5;0,01;0,01;6;1;100;0,6;0,5;lagrange;36,31;122;19;0,066251026
N:50-n:6-r0:1-rho:0.6-M:10;KSS_review.py;10;1000000;50;0,5;0,01;0,01;6;1;100;0,6;0,5;lagrange;91,94;544;17;0,108339475
N:50-n:6-r0:1-rho:0.6-M:1;KSS_review.py;1;1000000;50;0,5;0,01;0,01;6;1;100;0,6;0,5;lagrange;466,58;2017;32;0,430684867
N:50-n:5-r0:10-rho:0.9-M:10000;KSS_review.py;10000;1000000;50;0,5;0,01;0,01;5;10;100;0,9;0,5;lagrange;2,68;3;2;0,285919681
N:50-n:5-r0:10-rho:0.9-M:1000;KSS_review.py;1000;1000000;50;0,5;0,01;0,01;5;10;100;0,9;0,5;lagrange;3,38;8;2;0,026250989
N:50-n:5-r0:10-rho:0.9-M:100;KSS_review.py;100;1000000;50;0,5;0,01;0,01;5;10;100;0,9;0,5;lagrange;10,95;45;3;0,019808646
N:50-n:5-r0:10-rho:0.9-M:10;KSS_review.py;10;1000000;50;0,5;0,01;0,01;5;10;100;0,9;0,5;lagrange;54,22;326;5;0,063762212
N:50-n:5-r0:10-rho:0.9-M:1;KSS_review.py;1;1000000;50;0,5;0,01;0,01;5;10;100;0,9;0,5;lagrange;404,47;1415;51;0,37292208
N:50-n:5-r0:10-rho:0.8-M:10000;KSS_review.py;10000;1000000;50;0,5;0,01;0,01;5;10;100;0,8;0,5;lagrange;3;3;3;0,316009206
N:50-n:5-r0:10-rho:0.8-M:1000;KSS_review.py;1000;1000000;50;0,5;0,01;0,01;5;10;100;0,8;0,5;lagrange;3,47;9;3;0,026919398
N:50-n:5-r0:10-rho:0.8-M:100;KSS_review.py;100;1000000;50;0,5;0,01;0,01;5;10;100;0,8;0,5;lagrange;10,22;32;3;0,018333423
N:50-n:5-r0:10-rho:0.8-M:10;KSS_review.py;10;1000000;50;0,5;0,01;0,01;5;10;100;0,8;0,5;lagrange;59,54;238;8;0,069992644
N:50-n:5-r0:10-rho:0.8-M:1;KSS_review.py;1;1000000;50;0,5;0,01;0,01;5;10;100;0,8;0,5;lagrange;348,01;1546;45;0,320426522
N:50-n:5-r0:10-rho:0.7-M:10000;KSS_review.py;10000;1000000;50;0,5;0,01;0,01;5;10;100;0,7;0,5;lagrange;3,01;4;3;0,317217223
N:50-n:5-r0:10-rho:0.7-M:1000;KSS_review.py;1000;1000000;50;0,5;0,01;0,01;5;10;100;0,7;0,5;lagrange;3,58;6;3;0,027763363
N:50-n:5-r0:10-rho:0.7-M:100;KSS_review.py;100;1000000;50;0,5;0,01;0,01;5;10;100;0,7;0,5;lagrange;10,84;38;3;0,01945997
N:50-n:5-r0:10-rho:0.7-M:10;KSS_review.py;10;1000000;50;0,5;0,01;0,01;5;10;100;0,7;0,5;lagrange;61,8;170;11;0,072452677
N:50-n:5-r0:10-rho:0.7-M:1;KSS_review.py;1;1000000;50;0,5;0,01;0,01;5;10;100;0,7;0,5;lagrange;450,83;1185;32;0,415809028
N:50-n:5-r0:10-rho:0.6-M:10000;KSS_review.py;10000;1000000;50;0,5;0,01;0,01;5;10;100;0,6;0,5;lagrange;3,03;4;3;0,319138428
N:50-n:5-r0:10-rho:0.6-M:1000;KSS_review.py;1000;1000000;50;0,5;0,01;0,01;5;10;100;0,6;0,5;lagrange;3,88;7;3;0,030041807
N:50-n:5-r0:10-rho:0.6-M:100;KSS_review.py;100;1000000;50;0,5;0,01;0,01;5;10;100;0,6;0,5;lagrange;11,73;32;3;0,021049187
N:50-n:5-r0:10-rho:0.6-M:10;KSS_review.py;10;1000000;50;0,5;0,01;0,01;5;10;100;0,6;0,5;lagrange;72,6;243;13;0,085256699
N:50-n:5-r0:10-rho:0.6-M:1;KSS_review.py;1;1000000;50;0,5;0,01;0,01;5;10;100;0,6;0,5;lagrange;586,13;1711;119;0,540216285
N:50-n:5-r0:5-rho:0.9-M:10000;KSS_review.py;10000;1000000;50;0,5;0,01;0,01;5;5;100;0,9;0,5;lagrange;1,12;2;1;0,132838524
N:50-n:5-r0:5-rho:0.9-M:1000;KSS_review.py;1000;1000000;50;0,5;0,01;0,01;5;5;100;0,9;0,5;lagrange;2,36;9;1;0,018386864
N:50-n:5-r0:5-rho:0.9-M:100;KSS_review.py;100;1000000;50;0,5;0,01;0,01;5;5;100;0,9;0,5;lagrange;13,23;149;1;0,023726222
N:50-n:5-r0:5-rho:0.9-M:10;KSS_review.py;10;1000000;50;0,5;0,01;0,01;5;5;100;0,9;0,5;lagrange;84,16;436;4;0,098913565
N:50-n:5-r0:5-rho:0.9-M:1;KSS_review.py;1;1000000;50;0,5;0,01;0,01;5;5;100;0,9;0,5;lagrange;730,02;4999;35;0,673620496
N:50-n:5-r0:5-rho:0.8-M:10000;KSS_review.py;10000;1000000;50;0,5;0,01;0,01;5;5;100;0,8;0,5;lagrange;1,12;2;1;0,132897683
N:50-n:5-r0:5-rho:0.8-M:1000;KSS_review.py;1000;1000000;50;0,5;0,01;0,01;5;5;100;0,8;0,5;lagrange;2,25;13;1;0,01754499
N:50-n:5-r0:5-rho:0.8-M:100;KSS_review.py;100;1000000;50;0,5;0,01;0,01;5;5;100;0,8;0,5;lagrange;10,22;41;2;0,018388683
N:50-n:5-r0:5-rho:0.8-M:10;KSS_review.py;10;1000000;50;0,5;0,01;0,01;5;5;100;0,8;0,5;lagrange;46,14;159;6;0,054183869
N:50-n:5-r0:5-rho:0.8-M:1;KSS_review.py;1;1000000;50;0,5;0,01;0,01;5;5;100;0,8;0,5;lagrange;463,29;3178;25;0,427350841
N:50-n:5-r0:5-rho:0.7-M:10000;KSS_review.py;10000;1000000;50;0,5;0,01;0,01;5;5;100;0,7;0,5;lagrange;1,18;2;1;0,138780065
N:50-n:5-r0:5-rho:0.7-M:1000;KSS_review.py;1000;1000000;50;0,5;0,01;0,01;5;5;100;0,7;0,5;lagrange;2,15;6;1;0,01679617
N:50-n:5-r0:5-rho:0.7-M:100;KSS_review.py;100;1000000;50;0,5;0,01;0,01;5;5;100;0,7;0,5;lagrange;8,19;54;2;0,014699172
N:50-n:5-r0:5-rho:0.7-M:10;KSS_review.py;10;1000000;50;0,5;0,01;0,01;5;5;100;0,7;0,5;lagrange;46,93;227;3;0,055357308
N:50-n:5-r0:5-rho:0.7-M:1;KSS_review.py;1;1000000;50;0,5;0,01;0,01;5;5;100;0,7;0,5;lagrange;361,65;1297;65;0,334160406
N:50-n:5-r0:5-rho:0.6-M:10000;KSS_review.py;10000;1000000;50;0,5;0,01;0,01;5;5;100;0,6;0,5;lagrange;1,1;2;1;0,130806339
N:50-n:5-r0:5-rho:0.6-M:1000;KSS_review.py;1000;1000000;50;0,5;0,01;0,01;5;5;100;0,6;0,5;lagrange;2,19;7;1;0,017103573
N:50-n:5-r0:5-rho:0.6-M:100;KSS_review.py;100;1000000;50;0,5;0,01;0,01;5;5;100;0,6;0,5;lagrange;8,4;41;2;0,015116602
N:50-n:5-r0:5-rho:0.6-M:10;KSS_review.py;10;1000000;50;0,5;0,01;0,01;5;5;100;0,6;0,5;lagrange;47,53;183;9;0,05633446
N:50-n:5-r0:5-rho:0.6-M:1;KSS_review.py;1;1000000;50;0,5;0,01;0,01;5;5;100;0,6;0,5;lagrange;395,19;1098;43;0,364186625
N:50-n:5-r0:1-rho:0.9-M:10000;KSS_review.py;10000;1000000;50;0,5;0,01;0,01;5;1;100;0,9;0,5;lagrange;74,81;105;59;6.896.014.216.759.990
N:50-n:5-r0:1-rho:0.9-M:1000;KSS_review.py;1000;1000000;50;0,5;0,01;0,01;5;1;100;0,9;0,5;lagrange;95,25;261;56;0,737436969
N:50-n:5-r0:1-rho:0.9-M:100;KSS_review.py;100;1000000;50;0,5;0,01;0,01;5;1;100;0,9;0,5;lagrange;197,87;986;44;0,352969542
N:50-n:5-r0:1-rho:0.9-M:10;KSS_review.py;10;1000000;50;0,5;0,01;0,01;5;1;100;0,9;0,5;lagrange;1136,45;4999;55;13.329.000.838.699.900
N:50-n:5-r0:1-rho:0.9-M:1;KSS_review.py;1;1000000;50;0,5;0,01;0,01;5;1;100;0,9;0,5;lagrange;3648,93;4999;76;3.399.376.951.720.000
N:50-n:5-r0:1-rho:0.8-M:10000;KSS_review.py;10000;1000000;50;0,5;0,01;0,01;5;1;100;0,8;0,5;lagrange;38,4;55;32;35.481.099.146.700.000
N:50-n:5-r0:1-rho:0.8-M:1000;KSS_review.py;1000;1000000;50;0,5;0,01;0,01;5;1;100;0,8;0,5;lagrange;45,27;82;31;0,350552968
N:50-n:5-r0:1-rho:0.8-M:100;KSS_review.py;100;1000000;50;0,5;0,01;0,01;5;1;100;0,8;0,5;lagrange;75,52;391;28;0,134838581
N:50-n:5-r0:1-rho:0.8-M:10;KSS_review.py;10;1000000;50;0,5;0,01;0,01;5;1;100;0,8;0,5;lagrange;309,55;2893;28;0,363320582
N:50-n:5-r0:1-rho:0.8-M:1;KSS_review.py;1;1000000;50;0,5;0,01;0,01;5;1;100;0,8;0,5;lagrange;1862,49;4999;97;17.201.678.114.700.000
N:50-n:5-r0:1-rho:0.7-M:10000;KSS_review.py;10000;1000000;50;0,5;0,01;0,01;5;1;100;0,7;0,5;lagrange;24,47;31;21;22.776.396.866.299.900
N:50-n:5-r0:1-rho:0.7-M:1000;KSS_review.py;1000;1000000;50;0,5;0,01;0,01;5;1;100;0,7;0,5;lagrange;28,55;57;21;0,221037006
N:50-n:5-r0:1-rho:0.7-M:100;KSS_review.py;100;1000000;50;0,5;0,01;0,01;5;1;100;0,7;0,5;lagrange;47,32;220;18;0,085144736
N:50-n:5-r0:1-rho:0.7-M:10;KSS_review.py;10;1000000;50;0,5;0,01;0,01;5;1;100;0,7;0,5;lagrange;139,61;1619;20;0,164159222
N:50-n:5-r0:1-rho:0.7-M:1;KSS_review.py;1;1000000;50;0,5;0,01;0,01;5;1;100;0,7;0,5;lagrange;808,68;4272;41;0,747654895
N:50-n:5-r0:1-rho:0.6-M:10000;KSS_review.py;10000;1000000;50;0,5;0,01;0,01;5;1;100;0,6;0,5;lagrange;17,53;23;16;1.642.726.563.039.990
N:50-n:5-r0:1-rho:0.6-M:1000;KSS_review.py;1000;1000000;50;0,5;0,01;0,01;5;1;100;0,6;0,5;lagrange;20,22;33;15;0,156753085
N:50-n:5-r0:1-rho:0.6-M:100;KSS_review.py;100;1000000;50;0,5;0,01;0,01;5;1;100;0,6;0,5;lagrange;29,09;89;14;0,052364957
N:50-n:5-r0:1-rho:0.6-M:10;KSS_review.py;10;1000000;50;0,5;0,01;0,01;5;1;100;0,6;0,5;lagrange;79,35;390;9;0,093204073
N:50-n:5-r0:1-rho:0.6-M:1;KSS_review.py;1;1000000;50;0,5;0,01;0,01;5;1;100;0,6;0,5;lagrange;387,73;2151;17;0,359210798
N:50-n:4-r0:10-rho:0.9-M:10000;KSS_review.py;10000;1000000;50;0,5;0,01;0,01;4;10;100;0,9;0,5;lagrange;3;3;3;0,277862867
N:50-n:4-r0:10-rho:0.9-M:1000;KSS_review.py;1000;1000000;50;0,5;0,01;0,01;4;10;100;0,9;0,5;lagrange;3,54;8;3;0,025401855
N:50-n:4-r0:10-rho:0.9-M:100;KSS_review.py;100;1000000;50;0,5;0,01;0,01;4;10;100;0,9;0,5;lagrange;9,93;37;3;0,017268592
N:50-n:4-r0:10-rho:0.9-M:10;KSS_review.py;10;1000000;50;0,5;0,01;0,01;4;10;100;0,9;0,5;lagrange;46,7;272;6;0,05468091
N:50-n:4-r0:10-rho:0.9-M:1;KSS_review.py;1;1000000;50;0,5;0,01;0,01;4;10;100;0,9;0,5;lagrange;305,97;1289;35;0,281682898
N:50-n:4-r0:10-rho:0.8-M:10000;KSS_review.py;10000;1000000;50;0,5;0,01;0,01;4;10;100;0,8;0,5;lagrange;3,05;4;3;0,282081452
N:50-n:4-r0:10-rho:0.8-M:1000;KSS_review.py;1000;1000000;50;0,5;0,01;0,01;4;10;100;0,8;0,5;lagrange;3,96;14;3;0,028291154
N:50-n:4-r0:10-rho:0.8-M:100;KSS_review.py;100;1000000;50;0,5;0,01;0,01;4;10;100;0,8;0,5;lagrange;10,5;34;3;0,018284094
N:50-n:4-r0:10-rho:0.8-M:10;KSS_review.py;10;1000000;50;0,5;0,01;0,01;4;10;100;0,8;0,5;lagrange;46,58;157;8;0,054501476
N:50-n:4-r0:10-rho:0.8-M:1;KSS_review.py;1;1000000;50;0,5;0,01;0,01;4;10;100;0,8;0,5;lagrange;368,6;1830;53;0,339785237
N:50-n:4-r0:10-rho:0.7-M:10000;KSS_review.py;10000;1000000;50;0,5;0,01;0,01;4;10;100;0,7;0,5;lagrange;4,01;5;4;0,360161108
N:50-n:4-r0:10-rho:0.7-M:1000;KSS_review.py;1000;1000000;50;0,5;0,01;0,01;4;10;100;0,7;0,5;lagrange;4,56;8;3;0,032649101
N:50-n:4-r0:10-rho:0.7-M:100;KSS_review.py;100;1000000;50;0,5;0,01;0,01;4;10;100;0,7;0,5;lagrange;11,28;33;4;0,019639615
N:50-n:4-r0:10-rho:0.7-M:10;KSS_review.py;10;1000000;50;0,5;0,01;0,01;4;10;100;0,7;0,5;lagrange;59,23;183;14;0,069244198
N:50-n:4-r0:10-rho:0.7-M:1;KSS_review.py;1;1000000;50;0,5;0,01;0,01;4;10;100;0,7;0,5;lagrange;410,62;1270;75;0,377716327
N:50-n:4-r0:10-rho:0.6-M:10000;KSS_review.py;10000;1000000;50;0,5;0,01;0,01;4;10;100;0,6;0,5;lagrange;4,08;5;4;0,36751951
N:50-n:4-r0:10-rho:0.6-M:1000;KSS_review.py;1000;1000000;50;0,5;0,01;0,01;4;10;100;0,6;0,5;lagrange;4,96;11;4;0,035660877
N:50-n:4-r0:10-rho:0.6-M:100;KSS_review.py;100;1000000;50;0,5;0,01;0,01;4;10;100;0,6;0,5;lagrange;12,24;35;4;0,021327791
N:50-n:4-r0:10-rho:0.6-M:10;KSS_review.py;10;1000000;50;0,5;0,01;0,01;4;10;100;0,6;0,5;lagrange;66,34;181;19;0,077759549
N:50-n:4-r0:10-rho:0.6-M:1;KSS_review.py;1;1000000;50;0,5;0,01;0,01;4;10;100;0,6;0,5;lagrange;579,97;1574;55;0,534213197
N:50-n:4-r0:5-rho:0.9-M:10000;KSS_review.py;10000;1000000;50;0,5;0,01;0,01;4;5;100;0,9;0,5;lagrange;2;2;2;0,193692524
N:50-n:4-r0:5-rho:0.9-M:1000;KSS_review.py;1000;1000000;50;0,5;0,01;0,01;4;5;100;0,9;0,5;lagrange;2,73;9;1;0,019327644
N:50-n:4-r0:5-rho:0.9-M:100;KSS_review.py;100;1000000;50;0,5;0,01;0,01;4;5;100;0,9;0,5;lagrange;11,31;73;2;0,019406237
N:50-n:4-r0:5-rho:0.9-M:10;KSS_review.py;10;1000000;50;0,5;0,01;0,01;4;5;100;0,9;0,5;lagrange;57,05;306;6;0,066700906
N:50-n:4-r0:5-rho:0.9-M:1;KSS_review.py;1;1000000;50;0,5;0,01;0,01;4;5;100;0,9;0,5;lagrange;557,59;2264;30;0,514319228
N:50-n:4-r0:5-rho:0.8-M:10000;KSS_review.py;10000;1000000;50;0,5;0,01;0,01;4;5;100;0,8;0,5;lagrange;2;2;2;0,194638181
N:50-n:4-r0:5-rho:0.8-M:1000;KSS_review.py;1000;1000000;50;0,5;0,01;0,01;4;5;100;0,8;0,5;lagrange;2,6;8;2;0,018644946
N:50-n:4-r0:5-rho:0.8-M:100;KSS_review.py;100;1000000;50;0,5;0,01;0,01;4;5;100;0,8;0,5;lagrange;8,6;48;2;0,014954763
N:50-n:4-r0:5-rho:0.8-M:10;KSS_review.py;10;1000000;50;0,5;0,01;0,01;4;5;100;0,8;0,5;lagrange;50,29;204;5;0,058971403
N:50-n:4-r0:5-rho:0.8-M:1;KSS_review.py;1;1000000;50;0,5;0,01;0,01;4;5;100;0,8;0,5;lagrange;318,82;1536;37;0,29446068
N:50-n:4-r0:5-rho:0.7-M:10000;KSS_review.py;10000;1000000;50;0,5;0,01;0,01;4;5;100;0,7;0,5;lagrange;2;2;2;0,193331092
N:50-n:4-r0:5-rho:0.7-M:1000;KSS_review.py;1000;1000000;50;0,5;0,01;0,01;4;5;100;0,7;0,5;lagrange;2,51;8;2;0,017999719
N:50-n:4-r0:5-rho:0.7-M:100;KSS_review.py;100;1000000;50;0,5;0,01;0,01;4;5;100;0,7;0,5;lagrange;8,74;37;2;0,0152146
N:50-n:4-r0:5-rho:0.7-M:10;KSS_review.py;10;1000000;50;0,5;0,01;0,01;4;5;100;0,7;0,5;lagrange;45,96;318;7;0,05372115
N:50-n:4-r0:5-rho:0.7-M:1;KSS_review.py;1;1000000;50;0,5;0,01;0,01;4;5;100;0,7;0,5;lagrange;281,06;1090;45;0,259807385
N:50-n:4-r0:5-rho:0.6-M:10000;KSS_review.py;10000;1000000;50;0,5;0,01;0,01;4;5;100;0,6;0,5;lagrange;2;2;2;0,19417881
N:50-n:4-r0:5-rho:0.6-M:1000;KSS_review.py;1000;1000000;50;0,5;0,01;0,01;4;5;100;0,6;0,5;lagrange;2,52;7;2;0,018085807
N:50-n:4-r0:5-rho:0.6-M:100;KSS_review.py;100;1000000;50;0,5;0,01;0,01;4;5;100;0,6;0,5;lagrange;7,59;37;2;0,013190949
N:50-n:4-r0:5-rho:0.6-M:10;KSS_review.py;10;1000000;50;0,5;0,01;0,01;4;5;100;0,6;0,5;lagrange;41,22;93;4;0,048435074
N:50-n:4-r0:5-rho:0.6-M:1;KSS_review.py;1;1000000;50;0,5;0,01;0,01;4;5;100;0,6;0,5;lagrange;333,35;1513;35;0,308250367
N:50-n:4-r0:1-rho:0.9-M:10000;KSS_review.py;10000;1000000;50;0,5;0,01;0,01;4;1;100;0,9;0,5;lagrange;36,82;56;30;3.005.267.763.490.000
N:50-n:4-r0:1-rho:0.9-M:1000;KSS_review.py;1000;1000000;50;0,5;0,01;0,01;4;1;100;0,9;0,5;lagrange;45,98;122;29;0,328125328
N:50-n:4-r0:1-rho:0.9-M:100;KSS_review.py;100;1000000;50;0,5;0,01;0,01;4;1;100;0,9;0,5;lagrange;129,04;1347;22;0,224357552
N:50-n:4-r0:1-rho:0.9-M:10;KSS_review.py;10;1000000;50;0,5;0,01;0,01;4;1;100;0,9;0,5;lagrange;929,43;4999;30;10.917.474.532.699.900
N:50-n:4-r0:1-rho:0.9-M:1;KSS_review.py;1;1000000;50;0,5;0,01;0,01;4;1;100;0,9;0,5;lagrange;3330,35;4999;134;3.071.362.267.459.990
N:50-n:4-r0:1-rho:0.8-M:10000;KSS_review.py;10000;1000000;50;0,5;0,01;0,01;4;1;100;0,8;0,5;lagrange;22,9;33;20;18.805.688.399.300.000
N:50-n:4-r0:1-rho:0.8-M:1000;KSS_review.py;1000;1000000;50;0,5;0,01;0,01;4;1;100;0,8;0,5;lagrange;27,69;62;18;0,19538731
N:50-n:4-r0:1-rho:0.8-M:100;KSS_review.py;100;1000000;50;0,5;0,01;0,01;4;1;100;0,8;0,5;lagrange;52,22;216;16;0,089393235
N:50-n:4-r0:1-rho:0.8-M:10;KSS_review.py;10;1000000;50;0,5;0,01;0,01;4;1;100;0,8;0,5;lagrange;253,95;2558;9;0,297526477
N:50-n:4-r0:1-rho:0.8-M:1;KSS_review.py;1;1000000;50;0,5;0,01;0,01;4;1;100;0,8;0,5;lagrange;1721,7;4999;39;15.846.804.431.700.000
N:50-n:4-r0:1-rho:0.7-M:10000;KSS_review.py;10000;1000000;50;0,5;0,01;0,01;4;1;100;0,7;0,5;lagrange;15,98;21;14;1.320.883.985.580.000
N:50-n:4-r0:1-rho:0.7-M:1000;KSS_review.py;1000;1000000;50;0,5;0,01;0,01;4;1;100;0,7;0,5;lagrange;18,44;33;13;0,131836234
N:50-n:4-r0:1-rho:0.7-M:100;KSS_review.py;100;1000000;50;0,5;0,01;0,01;4;1;100;0,7;0,5;lagrange;27,25;113;13;0,047133053
N:50-n:4-r0:1-rho:0.7-M:10;KSS_review.py;10;1000000;50;0,5;0,01;0,01;4;1;100;0,7;0,5;lagrange;126,18;1175;14;0,147281465
N:50-n:4-r0:1-rho:0.7-M:1;KSS_review.py;1;1000000;50;0,5;0,01;0,01;4;1;100;0,7;0,5;lagrange;661,6;4534;15;0,611166393
N:50-n:4-r0:1-rho:0.6-M:10000;KSS_review.py;10000;1000000;50;0,5;0,01;0,01;4;1;100;0,6;0,5;lagrange;12,39;16;11;10.350.180.069.600.000
N:50-n:4-r0:1-rho:0.6-M:1000;KSS_review.py;1000;1000000;50;0,5;0,01;0,01;4;1;100;0,6;0,5;lagrange;14,34;25;11;0,102250855
N:50-n:4-r0:1-rho:0.6-M:100;KSS_review.py;100;1000000;50;0,5;0,01;0,01;4;1;100;0,6;0,5;lagrange;22,98;71;10;0,039862746
N:50-n:4-r0:1-rho:0.6-M:10;KSS_review.py;10;1000000;50;0,5;0,01;0,01;4;1;100;0,6;0,5;lagrange;75,36;477;3;0,08795776
N:50-n:4-r0:1-rho:0.6-M:1;KSS_review.py;1;1000000;50;0,5;0,01;0,01;4;1;100;0,6;0,5;lagrange;280,89;1095;19;0,259028583
N:50-n:3-r0:10-rho:0.9-M:10000;KSS_review.py;10000;1000000;50;0,5;0,01;0,01;3;10;100;0,9;0,5;lagrange;4;4;4;0,314812436
N:50-n:3-r0:10-rho:0.9-M:1000;KSS_review.py;1000;1000000;50;0,5;0,01;0,01;3;10;100;0,9;0,5;lagrange;4,75;12;4;0,031621003
N:50-n:3-r0:10-rho:0.9-M:100;KSS_review.py;100;1000000;50;0,5;0,01;0,01;3;10;100;0,9;0,5;lagrange;10,64;35;4;0,018127149
N:50-n:3-r0:10-rho:0.9-M:10;KSS_review.py;10;1000000;50;0,5;0,01;0,01;3;10;100;0,9;0,5;lagrange;42,41;177;9;0,049414453
N:50-n:3-r0:10-rho:0.9-M:1;KSS_review.py;1;1000000;50;0,5;0,01;0,01;3;10;100;0,9;0,5;lagrange;254,43;1129;38;0,234695043
N:50-n:3-r0:10-rho:0.8-M:10000;KSS_review.py;10000;1000000;50;0,5;0,01;0,01;3;10;100;0,8;0,5;lagrange;4,03;5;4;0,316933628
N:50-n:3-r0:10-rho:0.8-M:1000;KSS_review.py;1000;1000000;50;0,5;0,01;0,01;3;10;100;0,8;0,5;lagrange;4,68;10;4;0,03111296
N:50-n:3-r0:10-rho:0.8-M:100;KSS_review.py;100;1000000;50;0,5;0,01;0,01;3;10;100;0,8;0,5;lagrange;11,02;33;4;0,01876832
N:50-n:3-r0:10-rho:0.8-M:10;KSS_review.py;10;1000000;50;0,5;0,01;0,01;3;10;100;0,8;0,5;lagrange;50,62;271;4;0,05899336
N:50-n:3-r0:10-rho:0.8-M:1;KSS_review.py;1;1000000;50;0,5;0,01;0,01;3;10;100;0,8;0,5;lagrange;307,74;1108;60;0,283452525
N:50-n:3-r0:10-rho:0.7-M:10000;KSS_review.py;10000;1000000;50;0,5;0,01;0,01;3;10;100;0,7;0,5;lagrange;5;5;5;0,385146961
N:50-n:3-r0:10-rho:0.7-M:1000;KSS_review.py;1000;1000000;50;0,5;0,01;0,01;3;10;100;0,7;0,5;lagrange;5,58;10;5;0,036659736
N:50-n:3-r0:10-rho:0.7-M:100;KSS_review.py;100;1000000;50;0,5;0,01;0,01;3;10;100;0,7;0,5;lagrange;11,07;35;4;0,018594673
N:50-n:3-r0:10-rho:0.7-M:10;KSS_review.py;10;1000000;50;0,5;0,01;0,01;3;10;100;0,7;0,5;lagrange;49,03;133;9;0,057064682
N:50-n:3-r0:10-rho:0.7-M:1;KSS_review.py;1;1000000;50;0,5;0,01;0,01;3;10;100;0,7;0,5;lagrange;359,7;1039;91;0,33166163
N:50-n:3-r0:10-rho:0.6-M:10000;KSS_review.py;10000;1000000;50;0,5;0,01;0,01;3;10;100;0,6;0,5;lagrange;6,01;7;6;0,455159048
N:50-n:3-r0:10-rho:0.6-M:1000;KSS_review.py;1000;1000000;50;0,5;0,01;0,01;3;10;100;0,6;0,5;lagrange;6,7;10;5;0,044673117
N:50-n:3-r0:10-rho:0.6-M:100;KSS_review.py;100;1000000;50;0,5;0,01;0,01;3;10;100;0,6;0,5;lagrange;13,31;32;6;0,022660381
N:50-n:3-r0:10-rho:0.6-M:10;KSS_review.py;10;1000000;50;0,5;0,01;0,01;3;10;100;0,6;0,5;lagrange;61,26;157;9;0,071810128
N:50-n:3-r0:10-rho:0.6-M:1;KSS_review.py;1;1000000;50;0,5;0,01;0,01;3;10;100;0,6;0,5;lagrange;498,52;1133;40;0,459131865
N:50-n:3-r0:5-rho:0.9-M:10000;KSS_review.py;10000;1000000;50;0,5;0,01;0,01;3;5;100;0,9;0,5;lagrange;2;2;2;0,169199432
N:50-n:3-r0:5-rho:0.9-M:1000;KSS_review.py;1000;1000000;50;0,5;0,01;0,01;3;5;100;0,9;0,5;lagrange;2,87;13;2;0,019188719
N:50-n:3-r0:5-rho:0.9-M:100;KSS_review.py;100;1000000;50;0,5;0,01;0,01;3;5;100;0,9;0,5;lagrange;8,43;42;2;0,01438657
N:50-n:3-r0:5-rho:0.9-M:10;KSS_review.py;10;1000000;50;0,5;0,01;0,01;3;5;100;0,9;0,5;lagrange;59,92;710;3;0,070479916
N:50-n:3-r0:5-rho:0.9-M:1;KSS_review.py;1;1000000;50;0,5;0,01;0,01;3;5;100;0,9;0,5;lagrange;370,53;4845;24;0,339995759
N:50-n:3-r0:5-rho:0.8-M:10000;KSS_review.py;10000;1000000;50;0,5;0,01;0,01;3;5;100;0,8;0,5;lagrange;2;2;2;0,169217732
N:50-n:3-r0:5-rho:0.8-M:1000;KSS_review.py;1000;1000000;50;0,5;0,01;0,01;3;5;100;0,8;0,5;lagrange;2,6;9;2;0,017320162
N:50-n:3-r0:5-rho:0.8-M:100;KSS_review.py;100;1000000;50;0,5;0,01;0,01;3;5;100;0,8;0,5;lagrange;8,25;28;2;0,014114374
N:50-n:3-r0:5-rho:0.8-M:10;KSS_review.py;10;1000000;50;0,5;0,01;0,01;3;5;100;0,8;0,5;lagrange;47,32;227;8;0,055077641
N:50-n:3-r0:5-rho:0.8-M:1;KSS_review.py;1;1000000;50;0,5;0,01;0,01;3;5;100;0,8;0,5;lagrange;256,89;1351;30;0,235662159
N:50-n:3-r0:5-rho:0.7-M:10000;KSS_review.py;10000;1000000;50;0,5;0,01;0,01;3;5;100;0,7;0,5;lagrange;2;2;2;0,16926199
N:50-n:3-r0:5-rho:0.7-M:1000;KSS_review.py;1000;1000000;50;0,5;0,01;0,01;3;5;100;0,7;0,5;lagrange;2,55;11;2;0,017140603
N:50-n:3-r0:5-rho:0.7-M:100;KSS_review.py;100;1000000;50;0,5;0,01;0,01;3;5;100;0,7;0,5;lagrange;8,97;45;2;0,015237275
N:50-n:3-r0:5-rho:0.7-M:10;KSS_review.py;10;1000000;50;0,5;0,01;0,01;3;5;100;0,7;0,5;lagrange;41,78;144;4;0,048772616
N:50-n:3-r0:5-rho:0.7-M:1;KSS_review.py;1;1000000;50;0,5;0,01;0,01;3;5;100;0,7;0,5;lagrange;228,07;1048;46;0,212350539
N:50-n:3-r0:5-rho:0.6-M:10000;KSS_review.py;10000;1000000;50;0,5;0,01;0,01;3;5;100;0,6;0,5;lagrange;2,04;3;2;0,172276461
N:50-n:3-r0:5-rho:0.6-M:1000;KSS_review.py;1000;1000000;50;0,5;0,01;0,01;3;5;100;0,6;0,5;lagrange;2,75;6;2;0,018355322
N:50-n:3-r0:5-rho:0.6-M:100;KSS_review.py;100;1000000;50;0,5;0,01;0,01;3;5;100;0,6;0,5;lagrange;8,81;32;2;0,01501421
N:50-n:3-r0:5-rho:0.6-M:10;KSS_review.py;10;1000000;50;0,5;0,01;0,01;3;5;100;0,6;0,5;lagrange;42,01;147;2;0,048947135
N:50-n:3-r0:5-rho:0.6-M:1;KSS_review.py;1;1000000;50;0,5;0,01;0,01;3;5;100;0,6;0,5;lagrange;266,86;918;47;0,245809399
N:50-n:3-r0:1-rho:0.9-M:10000;KSS_review.py;10000;1000000;50;0,5;0,01;0,01;3;1;100;0,9;0,5;lagrange;17,79;28;14;12.770.077.667.099.900
N:50-n:3-r0:1-rho:0.9-M:1000;KSS_review.py;1000;1000000;50;0,5;0,01;0,01;3;1;100;0,9;0,5;lagrange;24,88;77;14;0,162541142
N:50-n:3-r0:1-rho:0.9-M:100;KSS_review.py;100;1000000;50;0,5;0,01;0,01;3;1;100;0,9;0,5;lagrange;57,84;738;12;0,097672256
N:50-n:3-r0:1-rho:0.9-M:10;KSS_review.py;10;1000000;50;0,5;0,01;0,01;3;1;100;0,9;0,5;lagrange;544,76;4999;8;0,636950475
N:50-n:3-r0:1-rho:0.9-M:1;KSS_review.py;1;1000000;50;0,5;0,01;0,01;3;1;100;0,9;0,5;lagrange;2866,52;4999;37;263.969.514.393
N:50-n:3-r0:1-rho:0.8-M:10000;KSS_review.py;10000;1000000;50;0,5;0,01;0,01;3;1;100;0,8;0,5;lagrange;13,19;20;11;0,957253922
N:50-n:3-r0:1-rho:0.8-M:1000;KSS_review.py;1000;1000000;50;0,5;0,01;0,01;3;1;100;0,8;0,5;lagrange;15,49;54;11;0,101845832
N:50-n:3-r0:1-rho:0.8-M:100;KSS_review.py;100;1000000;50;0,5;0,01;0,01;3;1;100;0,8;0,5;lagrange;31,86;238;10;0,054080784
N:50-n:3-r0:1-rho:0.8-M:10;KSS_review.py;10;1000000;50;0,5;0,01;0,01;3;1;100;0,8;0,5;lagrange;164,14;1261;8;0,192099896
N:50-n:3-r0:1-rho:0.8-M:1;KSS_review.py;1;1000000;50;0,5;0,01;0,01;3;1;100;0,8;0,5;lagrange;1393,34;4999;29;128.453.091.118
N:50-n:3-r0:1-rho:0.7-M:10000;KSS_review.py;10000;1000000;50;0,5;0,01;0,01;3;1;100;0,7;0,5;lagrange;10,19;14;9;0,746978814
N:50-n:3-r0:1-rho:0.7-M:1000;KSS_review.py;1000;1000000;50;0,5;0,01;0,01;3;1;100;0,7;0,5;lagrange;11,55;21;8;0,076871843
N:50-n:3-r0:1-rho:0.7-M:100;KSS_review.py;100;1000000;50;0,5;0,01;0,01;3;1;100;0,7;0,5;lagrange;21,93;108;7;0,037319463
N:50-n:3-r0:1-rho:0.7-M:10;KSS_review.py;10;1000000;50;0,5;0,01;0,01;3;1;100;0,7;0,5;lagrange;94,99;1311;8;0,110521939
N:50-n:3-r0:1-rho:0.7-M:1;KSS_review.py;1;1000000;50;0,5;0,01;0,01;3;1;100;0,7;0,5;lagrange;425,47;2153;18;0,391808361
N:50-n:3-r0:1-rho:0.6-M:10000;KSS_review.py;10000;1000000;50;0,5;0,01;0,01;3;1;100;0,6;0,5;lagrange;8,25;12;7;0,61027441
N:50-n:3-r0:1-rho:0.6-M:1000;KSS_review.py;1000;1000000;50;0,5;0,01;0,01;3;1;100;0,6;0,5;lagrange;9,47;19;7;0,067635781
N:50-n:3-r0:1-rho:0.6-M:100;KSS_review.py;100;1000000;50;0,5;0,01;0,01;3;1;100;0,6;0,5;lagrange;13,03;49;6;0,02255429
N:50-n:3-r0:1-rho:0.6-M:10;KSS_review.py;10;1000000;50;0,5;0,01;0,01;3;1;100;0,6;0,5;lagrange;54,28;329;6;0,063374389
N:50-n:3-r0:1-rho:0.6-M:1;KSS_review.py;1;1000000;50;0,5;0,01;0,01;3;1;100;0,6;0,5;lagrange;318,82;2165;23;0,294931415
